Gene ID	Gene Name	Design Element	condition1.foldChange	condition1.pValue	'ulcerative colitis' vs 'irritable bowel syndrome'.tStat
ENSG00000002586	CD99	201029_s_at	-0.4	0.475283026787783	-2.2631425324005
ENSG00000003137	CYP26B1	219825_at	0.7	0.192831729943164	3.69796583182621
ENSG00000003400	CASP10	205467_at	0.5	0.701013425238156	1.49515114888355
ENSG00000004799	PDK4	205960_at	-0.4	0.861503597680412	-0.851470572264719
ENSG00000005187	ACSM3	210377_at	-0.6	0.437951848407534	-2.41202344930035
ENSG00000005249	PRKAR2B	203680_at	-0.1	0.978291840235042	-0.176143240190937
ENSG00000005469	CROT	204573_at	-0.1	0.957103181817909	-0.270599814965578
ENSG00000005700	IBTK	210970_s_at	-0.6	0.710343880545604	-1.42678156569098
ENSG00000005893	LAMP2	203041_s_at	-0.3	0.751426669867122	-1.24781236752253
ENSG00000006007	GDE1	202593_s_at	-0.5	0.569558306978145	-1.89589579752947
ENSG00000006047	YBX2	219704_at	0.8	0.278979335057191	3.04543624158857
ENSG00000006327	TNFRSF12A	218368_s_at	-0.4	0.596817476211717	-1.79559055607566
ENSG00000006634	DBF4	204244_s_at	-0.3	0.811325834257641	-1.02413373110076
ENSG00000006704	GTF2IRD1	218412_s_at	-0.3	0.730293978820087	-1.3543799781202
ENSG00000006740	ARHGAP44	205414_s_at	-0.6	0.494247679424557	-2.158883780627
ENSG00000007062	PROM1	204304_s_at	0.1	0.990477465146329	0.0617646643154895
ENSG00000007168	PAFAH1B1	200816_s_at	-0.1	0.931828895086388	-0.490507286974773
ENSG00000007171	NOS2	210037_s_at	0.8	0.544430089446985	1.97584950063973
ENSG00000007312	CD79B	205297_s_at	0.5	0.448774702691515	2.3485486182042
ENSG00000007952	NOX1	207217_s_at	-0.5	0.751426669867122	-1.24445230681485
ENSG00000008405	CRY1	209674_at	-0.3	0.840942785762406	-0.895695786366133
ENSG00000008517	IL32	203828_s_at	0.7	0.368890775979304	2.61014434430222
ENSG00000010810	FYN	210105_s_at	-0.4	0.741859032003228	-1.32751827055015
ENSG00000011198	ABHD5	218739_at	-0.1	0.955177891328436	-0.360042538889956
ENSG00000011260	UTP18	203721_s_at	-0.5	0.539749622879182	-1.99841789441118
ENSG00000011422	PLAUR	210845_s_at	0.7	0.651343241740503	1.6310147125377
ENSG00000011465	DCN	201893_x_at	-0.6	0.468207595120241	-2.2806472799861
ENSG00000011600	TYROBP	204122_at	0.1	0.972290833836652	0.215299024850937
ENSG00000012223	LTF	202018_s_at	0.1	0.946763960685181	0.414631068462828
ENSG00000012504	NR1H4	206340_at	0.1	0.982758451792146	0.149818570337174
ENSG00000012817	KDM5D	206700_s_at	0.2	0.513933208562393	2.05174230444514
ENSG00000013561	RNF14	201823_s_at	-0.5	0.648032110589027	-1.63652893871756
ENSG00000013583	HEBP1	218450_at	0.3	0.955177891328436	0.324048580809089
ENSG00000013588	GPRC5A	203108_at	0.1	0.955177891328436	0.322010251877804
ENSG00000013810	TACC3	218308_at	0.1	0.949851628104417	0.397227484612145
ENSG00000014919	COX15	219547_at	-0.6	0.482912584196741	-2.23181168746654
ENSG00000016490	CLCA1	210107_at	-0.2	0.955177891328436	-0.329590060957704
ENSG00000016602	CLCA4	220026_at	0.3	0.875525293547132	0.785354642947566
ENSG00000018510	AGPS	205401_at	-0.6	0.345513120937362	-2.68466025100655
ENSG00000019582	CD74	209619_at	-0.1	0.989106769765058	-0.0955276272319214
ENSG00000021355	SERPINB1	212268_at	-0.6	0.708206869726863	-1.44915302281197
ENSG00000022556	NLRP2	221690_s_at	0.5	0.297133768108469	2.91682257571102
ENSG00000023287	RB1CC1	202033_s_at	-0.3	0.847412205424024	-0.872703662187776
ENSG00000023445	BIRC3	210538_s_at	0.5	0.708206869726863	1.44334551408138
ENSG00000023697	DERA	218102_at	-0.3	0.834022460650682	-0.945319024367475
ENSG00000024862	CCDC28A	209479_at	-0.3	0.836622731891569	-0.932530701190398
ENSG00000025434	NR1H3	203920_at	0.2	0.886497077670294	0.699148710006924
ENSG00000026025	VIM	201426_s_at	-0.4	0.648032110589027	-1.64448611281316
ENSG00000026103	FAS	204780_s_at	-0.5	0.586295413690976	-1.84909830155066
ENSG00000027075	PRKCH	218764_at	-0.2	0.873853063124535	-0.79043528758794
ENSG00000029364	SLC39A9	217859_s_at	-0.4	0.742793868950387	-1.30668186549179
ENSG00000034677	RNF19A	220483_s_at	-0.3	0.797977956532516	-1.06779304569838
ENSG00000035115	SH3YL1	204019_s_at	-1.0	0.421729507667565	-2.48203412316678
ENSG00000036672	USP2	207213_s_at	0.4	0.811325834257641	1.00519503879788
ENSG00000039560	RAI14	202052_s_at	-0.3	0.939952140568664	-0.436436747937128
ENSG00000039987	BEST2	207432_at	-0.2	0.942193157308865	-0.428441762926497
ENSG00000040199	PHLPP2	213407_at	0.5	0.834022460650682	0.946358475459012
ENSG00000042445	RETSAT	218124_at	-0.2	0.920202316939008	-0.548327549319483
ENSG00000042493	CAPG	201850_at	-0.2	0.897913159834437	-0.639661446086197
ENSG00000043462	LCP2	205270_s_at	0.2	0.87700455380714	0.780957786905772
ENSG00000044012	GUCA2B	207502_at	0.9	0.522518213508985	2.03492770518233
ENSG00000044446	PHKA2	209439_s_at	0.1	0.956064506405634	0.276754340784439
ENSG00000044574	HSPA5	211936_at	-0.4	0.770649969732537	-1.14684576095928
ENSG00000048162	NOP16	214011_s_at	-0.3	0.840942785762406	-0.900343145620079
ENSG00000049449	RCN1	201063_at	-0.1	0.950783570496287	-0.392744090658636
ENSG00000051108	HERPUD1	217168_s_at	-0.5	0.413164440406142	-2.5161295020403
ENSG00000052802	MSMO1	209146_at	-0.9	0.648032110589027	-1.63996240773422
ENSG00000053254	FOXN3	218031_s_at	-0.4	0.840942785762406	-0.909941950405001
ENSG00000053747	LAMA3	203726_s_at	-0.8	0.66367983253458	-1.59569556438509
ENSG00000053918	KCNQ1	204487_s_at	-0.2	0.87700455380714	-0.77591023498191
ENSG00000054219	LY75	205668_at	-0.4	0.742793868950387	-1.30049934778191
ENSG00000054277	OPN3	219032_x_at	0.4	0.929595214378619	0.520933410608531
ENSG00000054523	KIF1B	209234_at	-0.1	0.962931034928295	-0.245892493730669
ENSG00000054654	SYNE2	202761_s_at	-0.5	0.640681560907507	-1.66330878674423
ENSG00000054793	ATP9A	212062_at	-0.3	0.843145780419954	-0.878840326349788
ENSG00000055208	TAB2	210284_s_at	-0.2	0.902754494129937	-0.615995257921721
ENSG00000057294	PKP2	207717_s_at	-0.4	0.712275441353585	-1.4155235414014
ENSG00000058085	LAMC2	202267_at	-0.5	0.8038422503735	-1.05474056013799
ENSG00000058804	NDC1	218073_s_at	-0.5	0.685804042351114	-1.5450586173114
ENSG00000059378	PARP12	218543_s_at	0.4	0.715808151830659	1.39437492868896
ENSG00000059573	ALDH18A1	217791_s_at	-0.3	0.885751063550407	-0.701029104109782
ENSG00000059728	MXD1	206877_at	-0.3	0.897197724372416	-0.654437239418896
ENSG00000064012	CASP8	213373_s_at	0.1	0.955177891328436	0.317206746375252
ENSG00000064270	ATP2C2	206043_s_at	-0.6	0.46482035214877	-2.30122897573297
ENSG00000064651	SLC12A2	204404_at	-0.5	0.445609815817653	-2.37868996582883
ENSG00000064655	EYA2	209692_at	0.2	0.897913159834437	0.637662042169209
ENSG00000064932	SBNO2	204166_at	0.6	0.244318698760123	3.34202003155214
ENSG00000065154	OAT	201599_at	-0.5	0.498938776143756	-2.11140634542157
ENSG00000065243	PKN2	212629_s_at	-0.8	0.104663510342021	-5.3459169086799
ENSG00000065485	PDIA5	203857_s_at	-0.5	0.640681560907507	-1.66579597111198
ENSG00000065534	MYLK	202555_s_at	0.5	0.715808151830659	1.39246859055001
ENSG00000065618	COL17A1	204636_at	0.1	0.955177891328436	0.324173802906762
ENSG00000066230	SLC9A3	207212_at	-0.5	0.929595214378619	-0.516860493664615
ENSG00000066279	ASPM	219918_s_at	-0.2	0.946763960685181	-0.411235417194167
ENSG00000066777	ARFGEF1	216266_s_at	-0.5	0.539749622879182	-1.99598661914302
ENSG00000067064	IDI1	204615_x_at	-0.5	0.737820862159151	-1.33860086616535
ENSG00000067066	SP100	202864_s_at	0.3	0.768986507563916	1.15671321794562
ENSG00000067082	KLF6	208961_s_at	0.3	0.778662368610592	1.13297724284235
ENSG00000067113	PLPP1	209147_s_at	0.4	0.836622731891569	0.937587378210932
ENSG00000068079	IFI35	209417_s_at	-0.1	0.931828895086388	-0.487677075186024
ENSG00000068796	KIF2A	203087_s_at	0.2	0.894309055464742	0.677505349721123
ENSG00000069399	BCL3	204908_s_at	0.5	0.157410846123947	4.07134361110563
ENSG00000070081	NUCB2	203675_at	-0.7	0.708206869726863	-1.44977635433023
ENSG00000070540	WIPI1	203827_at	-0.4	0.712275441353585	-1.41492060181897
ENSG00000071073	MGAT4A	219797_at	0.1	0.974706931822781	0.201249141859153
ENSG00000071189	SNX13	213292_s_at	-0.2	0.840942785762406	-0.899541317522634
ENSG00000071203	MS4A12	220834_at	0.6	0.811325834257641	1.0055841947299
ENSG00000071539	TRIP13	204033_at	0.4	0.640681560907507	1.66930509374927
ENSG00000071967	CYBRD1	217889_s_at	0.2	0.946763960685181	0.410956557482146
ENSG00000072210	ALDH3A2	202053_s_at	-0.2	0.866876448227165	-0.820800251307463
ENSG00000072274	TFRC	207332_s_at	-0.8	0.596817476211717	-1.80373805122538
ENSG00000072415	MPP5	219321_at	-0.4	0.894309055464742	-0.674287166070997
ENSG00000072571	HMMR	207165_at	0.1	0.955177891328436	0.358474104962572
ENSG00000072657	TRHDE	219937_at	0.3	0.91618079302497	0.57317339456067
ENSG00000072858	SIDT1	219734_at	-0.2	0.931828895086388	-0.475320471964235
ENSG00000073111	MCM2	202107_s_at	0.1	0.955177891328436	0.290519786733081
ENSG00000073417	PDE8A	212521_s_at	-0.1	0.958991949381918	-0.260768868408468
ENSG00000073605	GSDMB	219233_s_at	0.2	0.897197724372416	0.645253594092106
ENSG00000073734	ABCB11	211224_s_at	0.1	0.972290833836652	0.212895133000799
ENSG00000073849	ST6GAL1	201998_at	-0.4	0.746800637448515	-1.27666523900135
ENSG00000074410	CA12	203963_at	0.2	0.890725604090387	0.692008880927544
ENSG00000074416	MGLL	211026_s_at	0.4	0.800964522031883	1.06130783625653
ENSG00000074842	MYDGF	221739_at	-0.1	0.946087529982994	-0.41677871982566
ENSG00000075223	SEMA3C	203789_s_at	-0.6	0.166587914177584	-3.92019358455994
ENSG00000075234	TTC38	218272_at	0.1	0.939952140568664	0.436049978121677
ENSG00000075643	MOCOS	219959_at	0.3	0.783630653268752	1.1072264742171
ENSG00000075651	PLD1	205203_at	-0.1	0.972290833836652	-0.209563595516346
ENSG00000075945	KIFAP3	203333_at	-0.4	0.819435646104799	-0.990310349784558
ENSG00000076003	MCM6	201930_at	0.3	0.885751063550407	0.715471187391781
ENSG00000076043	REXO2	218194_at	-0.3	0.811325834257641	-1.03315558704713
ENSG00000076555	ACACB	49452_at	0.1	0.955177891328436	0.363052433238043
ENSG00000076685	NT5C2	209155_s_at	0.2	0.931828895086388	0.478397198435529
ENSG00000077157	PPP1R12B	201957_at	-0.2	0.929595214378619	-0.519670432692729
ENSG00000077514	POLD3	212836_at	-0.4	0.657801239585821	-1.60924913049748
ENSG00000078399	HOXA9	214651_s_at	-0.4	0.908080500993723	-0.597921982317161
ENSG00000078401	EDN1	218995_s_at	0.8	0.271483750185658	3.09407833730548
ENSG00000079385	CEACAM1	209498_at	0.1	0.944632922191648	0.421052690939452
ENSG00000079459	FDFT1	208647_at	-0.2	0.919360149602259	-0.557196058684479
ENSG00000079739	PGM1	201968_s_at	-0.3	0.819738106775572	-0.985046692513347
ENSG00000079819	EPB41L2	201718_s_at	0.1	0.931828895086388	0.506233117766709
ENSG00000079950	STX7	212631_at	-0.1	0.955177891328436	-0.365500917216287
ENSG00000080822	CLDND1	208925_at	-0.7	0.17092526307871	-3.87903527923519
ENSG00000081041	CXCL2	209774_x_at	1.2	0.544430089446985	1.98301200252854
ENSG00000081087	OSTM1	218196_at	0.1	0.956064506405634	0.276022198776432
ENSG00000081189	MEF2C	209199_s_at	-0.1	0.955177891328436	-0.292672608496718
ENSG00000081237	PTPRC	207238_s_at	-0.2	0.878698257314708	-0.769438057669862
ENSG00000081320	STK17B	205214_at	0.4	0.73567136955766	1.34389546930674
ENSG00000081923	ATP8B1	214594_x_at	-0.7	0.171442555454899	-3.85995764096568
ENSG00000082212	ME2	209397_at	0.1	0.955177891328436	0.369659041811311
ENSG00000082397	EPB41L3	211776_s_at	-0.4	0.87700455380714	-0.775503091254689
ENSG00000083097	DOP1A	213271_s_at	-0.6	0.262677736693666	-3.16972939307033
ENSG00000083720	OXCT1	202780_at	-0.4	0.78068069209251	-1.11495494299503
ENSG00000085563	ABCB1	209993_at	0.8	0.657801239585821	1.60780964649282
ENSG00000085788	DDHD2	212690_at	-0.5	0.549003510182585	-1.95729612120147
ENSG00000085831	TTC39A	210652_s_at	-0.1	0.955177891328436	-0.291230745952382
ENSG00000086061	DNAJA1	200881_s_at	-0.2	0.884199708738466	-0.736045290296945
ENSG00000086062	B4GALT1	201883_s_at	0.4	0.76793637366698	1.18687786128177
ENSG00000086065	CHMP5	219356_s_at	-0.2	0.87700455380714	-0.782769405690097
ENSG00000087074	PPP1R15A	37028_at	0.9	0.421729507667565	2.47891895414981
ENSG00000087338	GMCL1	218458_at	-0.2	0.904859569911559	-0.604586582391912
ENSG00000087586	AURKA	208079_s_at	-0.2	0.931828895086388	-0.484707145798516
ENSG00000088038	CNOT3	203239_s_at	0.5	0.620084135445461	1.71810949319109
ENSG00000088256	GNA11	213766_x_at	0.2	0.894309055464742	0.678145826424439
ENSG00000088367	EPB41L1	212339_at	0.4	0.632513681189786	1.70042397513468
ENSG00000088386	SLC15A1	207254_at	0.7	0.100156274105861	6.18767518190649
ENSG00000089127	OAS1	202869_at	0.1	0.974706931822781	0.203086208826904
ENSG00000089902	RCOR1	212612_at	-0.6	0.489467580055199	-2.19145386177261
ENSG00000090060	PAPOLA	212718_at	-0.6	0.226219143037058	-3.45958849920943
ENSG00000090372	STRN4	217903_at	0.6	0.219768674056846	3.51459758762383
ENSG00000090382	LYZ	213975_s_at	-0.5	0.884199708738466	-0.729888133513914
ENSG00000090402	SI	206664_at	-0.9	0.489467580055199	-2.19438459697877
ENSG00000090530	P3H2	218717_s_at	-0.2	0.957103181817909	-0.270173078942886
ENSG00000090889	KIF4A	218355_at	0.2	0.873853063124535	0.794350224191292
ENSG00000091039	OSBPL8	212582_at	-0.5	0.8038422503735	-1.05222029490375
ENSG00000091073	DTX2	215732_s_at	0.8	0.104663510342021	5.07873933929287
ENSG00000091409	ITGA6	215177_s_at	-0.6	0.35379425525155	-2.64355923042707
ENSG00000091527	CDV3	212010_s_at	-0.2	0.894783625946331	-0.672098762944106
ENSG00000092020	PPP2R3C	218852_at	-0.3	0.825061796019603	-0.96486841369063
ENSG00000092421	SEMA6A	220454_s_at	-0.1	0.966559519375873	-0.229930644546794
ENSG00000092964	DPYSL2	200762_at	-0.5	0.742793868950387	-1.30353317979888
ENSG00000093010	COMT	208818_s_at	-0.2	0.870977357102104	-0.813819985642055
ENSG00000093072	ADA2	219505_at	0.1	0.939952140568664	0.440422345687347
ENSG00000095209	TMEM38B	218772_x_at	-0.3	0.894309055464742	-0.674500104843127
ENSG00000095380	NANS	218189_s_at	-0.4	0.760447798839178	-1.21771829491814
ENSG00000095539	SEMA4G	219194_at	0.3	0.80346988192512	1.05640081893273
ENSG00000095585	BLNK	207655_s_at	-0.5	0.477309229166982	-2.25652519234502
ENSG00000095637	SORBS1	218087_s_at	-0.4	0.608194982880224	-1.74315091513365
ENSG00000095739	BAMBI	203304_at	-0.4	0.897980789999325	-0.63112188936073
ENSG00000095787	WAC	217742_s_at	0.3	0.692499432817578	1.52387554910194
ENSG00000096060	FKBP5	204560_at	-0.8	0.277481256197629	-3.06473644162027
ENSG00000096080	MRPS18A	221693_s_at	-0.6	0.504229488217717	-2.07947788857461
ENSG00000096746	HNRNPH3	210588_x_at	-0.4	0.339911696106963	-2.711889405655
ENSG00000096872	IFT74	219174_at	-0.1	0.975056001186103	-0.19724620130733
ENSG00000099834	CDHR5	220075_s_at	0.3	0.931828895086388	0.471672998504974
ENSG00000099860	GADD45B	209304_x_at	0.4	0.708528877153007	1.43845291554671
ENSG00000099901	RANBP1	202483_s_at	-0.2	0.928429357681765	-0.533956857542122
ENSG00000100079	LGALS2	208450_at	-0.5	0.640681560907507	-1.66672044361878
ENSG00000100097	LGALS1	201105_at	-0.5	0.597936215972567	-1.78387835022563
ENSG00000100292	HMOX1	203665_at	0.4	0.880074740147208	0.761464761696712
ENSG00000100342	APOL1	209546_s_at	0.1	0.955177891328436	0.310292711467019
ENSG00000100376	FAM118A	219629_at	0.7	0.569558306978145	1.90926435191159
ENSG00000100393	EP300	213579_s_at	0.4	0.620084135445461	1.7190798848141
ENSG00000100417	PMM1	203467_at	-0.1	0.931828895086388	-0.465066081808549
ENSG00000100442	FKBP3	218003_s_at	-0.2	0.880074740147208	-0.753732889763497
ENSG00000100453	GZMB	210164_at	0.4	0.803220101636372	1.0579150673425
ENSG00000100485	SOS2	212870_at	-0.5	0.710343880545604	-1.42111793826909
ENSG00000100526	CDKN3	209714_s_at	0.1	0.985612022997197	0.120944224535025
ENSG00000100567	PSMA3	201532_at	-0.2	0.894309055464742	-0.674866656944466
ENSG00000100604	CHGA	204697_s_at	-0.6	0.489467580055199	-2.19479241543479
ENSG00000100614	PPM1A	203966_s_at	-0.2	0.931828895086388	-0.502392841888354
ENSG00000100749	VRK1	203856_at	-0.1	0.931828895086388	-0.461934671989834
ENSG00000100796	PPP4R3A	220368_s_at	-0.4	0.735042569106632	-1.34618033747653
ENSG00000100814	CCNB1IP1	217988_at	-0.6	0.166587914177584	-3.9236930269177
ENSG00000100906	NFKBIA	201502_s_at	0.4	0.601485843966439	1.76219527388787
ENSG00000100934	SEC23A	204344_s_at	-0.5	0.741859032003228	-1.32186083585258
ENSG00000101040	ZMYND8	209048_s_at	0.5	0.482912584196741	2.24097793576554
ENSG00000101076	HNF4A	208429_x_at	0.1	0.931828895086388	0.474112839461615
ENSG00000101160	CTSZ	210042_s_at	0.5	0.742793868950387	1.31135465797226
ENSG00000101166	PRELID3B	217851_s_at	-0.4	0.701013425238156	-1.49086070350156
ENSG00000101187	SLCO4A1	219911_s_at	0.3	0.851919883057128	0.863815695237496
ENSG00000101194	SLC17A9	219559_at	0.1	0.955177891328436	0.289788929089889
ENSG00000101213	PTK6	206482_at	0.2	0.902754494129937	0.614934797029609
ENSG00000101224	CDC25B	201853_s_at	0.4	0.708206869726863	1.44386204975514
ENSG00000101311	FERMT1	218796_at	-0.3	0.768983878405611	-1.16657435264061
ENSG00000101333	PLCB4	203895_at	-0.3	0.897197724372416	-0.652041389997864
ENSG00000101335	MYL9	201058_s_at	-0.1	0.952788308849161	-0.38593695655732
ENSG00000101443	WFDC2	203892_at	-0.5	0.897197724372416	-0.664442362692529
ENSG00000101452	DHX35	218579_s_at	-0.4	0.685804042351114	-1.54358541891492
ENSG00000101474	APMAP	206656_s_at	-0.1	0.942193157308865	-0.428067616081692
ENSG00000101596	SMCHD1	212577_at	-0.1	0.962931034928295	-0.241210078058202
ENSG00000101670	LIPG	219181_at	-0.5	0.76793637366698	-1.18620501812091
ENSG00000101782	RIOK3	202130_at	0.1	0.962931034928295	0.243094482285027
ENSG00000101846	STS	203769_s_at	0.5	0.489467580055199	2.18945144593353
ENSG00000101911	PRPS2	203401_at	-0.6	0.569558306978145	-1.89488333892266
ENSG00000102007	PLP2	201136_at	-0.1	0.927313357195902	-0.538379165445224
ENSG00000102024	PLS3	201215_at	-0.6	0.741859032003228	-1.31552949653718
ENSG00000102100	SLC35A2	209326_at	-0.1	0.929595214378619	-0.514083682986768
ENSG00000102265	TIMP1	201666_at	0.2	0.955177891328436	0.324277990227277
ENSG00000102309	PIN4	204571_x_at	-0.3	0.715808151830659	-1.39459564276068
ENSG00000102554	KLF5	209212_s_at	-0.7	0.511074241115113	-2.0591324635554
ENSG00000102575	ACP5	204638_at	-0.2	0.894309055464742	-0.681902812855508
ENSG00000102837	OLFM4	212768_s_at	-0.6	0.955177891328436	-0.307485966746238
ENSG00000102879	CORO1A	209083_at	0.1	0.97857894035734	0.173233375041909
ENSG00000102886	GDPD3	219722_s_at	0.3	0.855522713476541	0.859311775101063
ENSG00000102901	CENPT	218148_at	0.3	0.640681560907507	1.67193047103702
ENSG00000102934	PLLP	204519_s_at	-0.2	0.955177891328436	-0.28655142628063
ENSG00000102996	MMP15	203365_s_at	0.4	0.586295413690976	1.83261775318355
ENSG00000103018	CYB5B	201633_s_at	-0.3	0.747245647901268	-1.26045218646165
ENSG00000103187	COTL1	221059_s_at	-0.1	0.962931034928295	-0.239837099434641
ENSG00000103196	CRISPLD2	221541_at	-0.2	0.766530565052257	-1.20046380005499
ENSG00000103202	NME4	212739_s_at	0.5	0.32643217695238	2.74398907775267
ENSG00000103326	CAPN15	204275_at	0.4	0.634641262578797	1.69425822404684
ENSG00000103363	ELOB	200085_s_at	-0.3	0.698339387040411	-1.51190746776404
ENSG00000103375	AQP8	206784_at	0.9	0.884199708738466	0.73028142745029
ENSG00000103485	QPRT	204044_at	-0.1	0.931828895086388	-0.478951665126747
ENSG00000103502	CDIPT	201253_s_at	-0.1	0.952788308849161	-0.38590589403686
ENSG00000104131	EIF3J	208985_s_at	-0.3	0.76793637366698	-1.18798053076748
ENSG00000104368	PLAT	201860_s_at	0.3	0.811325834257641	1.02317445162484
ENSG00000104413	ESRP1	219121_s_at	-0.7	0.430383213168753	-2.43696040826548
ENSG00000104432	IL7	206693_at	0.2	0.931828895086388	0.457636125829824
ENSG00000104442	ARMC1	218185_s_at	-0.4	0.596817476211717	-1.79885900803658
ENSG00000104522	GFUS	201644_at	0.2	0.929595214378619	0.525929125512431
ENSG00000104549	SQLE	209218_at	-0.7	0.811325834257641	-1.02727377565269
ENSG00000104660	LEPROTL1	202594_at	-0.2	0.931828895086388	-0.473146380049703
ENSG00000104723	TUSC3	209228_x_at	-0.3	0.897913159834437	-0.638196408893459
ENSG00000104731	KLHDC4	221219_s_at	0.1	0.955177891328436	0.342007566815421
ENSG00000104756	KCTD9	218823_s_at	-0.1	0.950783570496287	-0.392177058959327
ENSG00000104783	KCNN4	204401_at	-0.2	0.894309055464742	-0.682002751262821
ENSG00000104870	FCGRT	218831_s_at	-0.1	0.955177891328436	-0.305282271632627
ENSG00000104897	SF3A2	37462_i_at	0.2	0.885751063550407	0.705059232176281
ENSG00000105185	PDCD5	219275_at	-0.5	0.188853518318314	-3.7396485422065
ENSG00000105186	ANKRD27	221522_at	-0.2	0.834022460650682	-0.946788041455816
ENSG00000105202	FBL	211623_s_at	-0.3	0.741859032003228	-1.32340156822207
ENSG00000105223	PLD3	201050_at	0.2	0.747245647901268	1.25519308190903
ENSG00000105372	RPS19	213414_s_at	-0.5	0.482912584196741	-2.22361237347443
ENSG00000105374	NKG7	213915_at	0.2	0.897197724372416	0.652338056522038
ENSG00000105401	CDC37	209953_s_at	-0.3	0.735042569106632	-1.34612328874998
ENSG00000105486	LIG1	202726_at	0.2	0.893691928285885	0.688136272824963
ENSG00000105784	RUNDC3B	215321_at	0.4	0.778922752754519	1.1265431688277
ENSG00000105852	PON3	213695_at	0.1	0.975056001186103	0.197352718510258
ENSG00000105976	MET	211599_x_at	-0.4	0.742793868950387	-1.30279211194187
ENSG00000105993	DNAJB6	209015_s_at	-0.6	0.448774702691515	-2.35465882145241
ENSG00000106004	HOXA5	213844_at	0.4	0.778922752754519	1.12178159066034
ENSG00000106012	IQCE	204202_at	0.2	0.840942785762406	0.897365457005011
ENSG00000106105	GARS1	208693_s_at	-0.1	0.955177891328436	-0.310446841797688
ENSG00000106211	HSPB1	201841_s_at	-0.2	0.904859569911559	-0.605627408711604
ENSG00000106236	NPTX2	213479_at	0.3	0.911878018896855	0.58560174281696
ENSG00000106258	CYP3A5	214234_s_at	0.2	0.824150434604383	0.978544601211187
ENSG00000106263	EIF3B	203462_x_at	-0.1	0.949414267487249	-0.400310398643834
ENSG00000106355	LSM5	211747_s_at	-0.1	0.931828895086388	-0.459033681999911
ENSG00000106460	TMEM106B	218930_s_at	-0.8	0.452608692206665	-2.33784965058185
ENSG00000106484	MEST	202016_at	-0.1	0.978291840235042	-0.18096996989873
ENSG00000106538	RARRES2	209496_at	-1.0	0.312472346421197	-2.85076046312224
ENSG00000106541	AGR2	209173_at	-0.1	0.982758451792146	-0.154784281090343
ENSG00000106635	BCL7B	202518_at	0.1	0.898464320252477	0.625350930852013
ENSG00000106665	CLIP2	211031_s_at	0.3	0.928336113084693	0.536401914578074
ENSG00000106688	SLC1A1	213664_at	0.9	0.841018756301028	0.890375576776278
ENSG00000106723	SPIN1	217813_s_at	-0.4	0.764265376034631	-1.20690068806995
ENSG00000106733	NMRK1	219147_s_at	-0.5	0.739977995878825	-1.33170080075206
ENSG00000106772	PRUNE2	212805_at	0.2	0.885751063550407	0.70203510280089
ENSG00000106785	TRIM14	203148_s_at	0.3	0.811325834257641	1.02111174255253
ENSG00000107164	FUBP3	212824_at	-0.4	0.701013425238156	-1.50087826976588
ENSG00000107242	PIP5K1B	205632_s_at	0.6	0.498938776143756	2.10971347875603
ENSG00000107537	PHYH	203335_at	-0.7	0.549003510182585	-1.96170796917487
ENSG00000107679	PLEKHA1	219024_at	0.3	0.865235871244552	0.838034302637496
ENSG00000107789	MINPP1	209585_s_at	-0.3	0.840942785762406	-0.900204043704308
ENSG00000107798	LIPA	201847_at	-0.4	0.819435646104799	-0.993126121936167
ENSG00000107937	GTPBP4	218238_at	-0.5	0.706699669032712	-1.47999389779541
ENSG00000108039	XPNPEP1	209045_at	-0.2	0.87700455380714	-0.77210886086362
ENSG00000108107	RPL28	200003_s_at	-0.6	0.421729507667565	-2.47353643094361
ENSG00000108175	ZMIZ1	212124_at	0.3	0.841821683483759	0.882522157315166
ENSG00000108176	DNAJC12	218976_at	-0.3	0.840942785762406	-0.903668847424404
ENSG00000108187	PBLD	219543_at	-0.2	0.955177891328436	-0.326721541080723
ENSG00000108242	CYP2C18	208126_s_at	0.5	0.728526800594554	1.35889823343919
ENSG00000108468	CBX1	201518_at	-0.4	0.710343880545604	-1.42980885645097
ENSG00000108561	C1QBP	208910_s_at	-0.1	0.955177891328436	-0.289203824756957
ENSG00000108588	CCDC47	217814_at	-0.7	0.146509408092635	-4.2142236195161
ENSG00000108622	ICAM2	213620_s_at	-0.1	0.955177891328436	-0.293478194205016
ENSG00000108946	PRKAR1A	200605_s_at	-0.6	0.121095252265397	-4.5225026113543
ENSG00000109062	SLC9A3R1	201349_at	0.4	0.742793868950387	1.30819863265391
ENSG00000109084	TMEM97	212282_at	-0.4	0.8038422503735	-1.05317556503715
ENSG00000109099	PMP22	210139_s_at	-0.4	0.811325834257641	-1.01709736718808
ENSG00000109220	CHIC2	219492_at	-0.1	0.955177891328436	-0.330127203746427
ENSG00000109321	AREG	205239_at	1.1	0.345513120937362	2.69357299624966
ENSG00000109436	TBC1D9	212956_at	-0.2	0.942193157308865	-0.427269036810209
ENSG00000109452	INPP4B	205376_at	0.2	0.931828895086388	0.4914008369851
ENSG00000109756	RAPGEF2	203097_s_at	-0.1	0.931828895086388	-0.471251081224112
ENSG00000109787	KLF3	219657_s_at	0.2	0.873853063124535	0.79564597292793
ENSG00000109819	PPARGC1A	219195_at	-0.1	0.946763960685181	-0.405649456187334
ENSG00000109906	ZBTB16	205883_at	0.2	0.931828895086388	0.495962146004496
ENSG00000109929	SC5D	211423_s_at	-0.5	0.76793637366698	-1.17794682954927
ENSG00000110002	VWA5A	205011_at	-0.5	0.76793637366698	-1.17803093673999
ENSG00000110063	DCPS	218774_at	-0.3	0.819738106775572	-0.983883480187611
ENSG00000110080	ST3GAL4	203759_at	-0.5	0.788855308847788	-1.08944077562043
ENSG00000110092	CCND1	208712_at	-0.6	0.783630653268752	-1.10619575384603
ENSG00000110429	FBXO3	218432_at	-0.5	0.6949686275945	-1.51903829503883
ENSG00000110651	CD81	200675_at	-0.1	0.955177891328436	-0.379086707391658
ENSG00000110768	GTF2H1	202451_at	-0.3	0.709694765122564	-1.43317745076855
ENSG00000110911	SLC11A2	203123_s_at	-0.7	0.494247679424557	-2.15205192418972
ENSG00000111144	LTA4H	208771_s_at	-0.6	0.226219143037058	-3.45451248675747
ENSG00000111206	FOXM1	202580_x_at	0.3	0.885751063550407	0.702239953155458
ENSG00000111331	OAS3	218400_at	0.3	0.87700455380714	0.772499161066868
ENSG00000111445	RFC5	213734_at	-0.7	0.544430089446985	-1.98020929246161
ENSG00000111670	GNPTAB	212959_s_at	-0.5	0.723167149955544	-1.36955856666824
ENSG00000111684	LPCAT3	202793_at	-0.4	0.806915797697131	-1.04679987469685
ENSG00000111701	APOBEC1	207158_at	0.4	0.939952140568664	0.437269482876448
ENSG00000111716	LDHB	213564_x_at	-0.4	0.811325834257641	-1.03547583131202
ENSG00000111731	C2CD5	212943_at	-0.4	0.797977956532516	-1.06539164666831
ENSG00000111796	KLRB1	214470_at	-0.1	0.959352392566218	-0.25916769308272
ENSG00000111801	BTN3A3	204821_at	-0.2	0.931828895086388	-0.4803716957703
ENSG00000111802	TDP2	202266_at	-0.1	0.919360149602259	-0.55391676506656
ENSG00000111845	PAK1IP1	218886_at	-0.4	0.640681560907507	-1.66475684962429
ENSG00000111846	GCNT2	211020_at	-0.2	0.914818383634034	-0.576270480766828
ENSG00000111863	ADTRP	215100_at	0.2	0.931828895086388	0.46235841958802
ENSG00000112118	MCM3	201555_at	-0.1	0.931828895086388	-0.456534084906813
ENSG00000112414	ADGRG6	213094_at	-0.5	0.723167149955544	-1.37074431148056
ENSG00000112473	SLC39A7	202667_s_at	-0.2	0.866876448227165	-0.824315625789124
ENSG00000112697	TMEM30A	217743_s_at	-0.4	0.613683286808948	-1.73405642217357
ENSG00000112701	SENP6	202318_s_at	-0.2	0.904859569911559	-0.608556296457443
ENSG00000112715	VEGFA	212171_x_at	0.2	0.898464320252477	0.625360168821165
ENSG00000112742	TTK	204822_at	-0.1	0.972290833836652	-0.209919714602093
ENSG00000112773	TENT5A	221766_s_at	0.4	0.746800637448515	1.27767027461192
ENSG00000112782	CLIC5	213317_at	0.5	0.587580645410854	1.8195926451541
ENSG00000112818	MEP1A	206000_at	0.1	0.978291840235042	0.175765885623633
ENSG00000112851	ERBIN	217941_s_at	0.3	0.885751063550407	0.70978979881339
ENSG00000112902	SEMA5A	205405_at	-0.2	0.917418965381931	-0.562657115135877
ENSG00000112964	GHR	205498_at	-0.2	0.946763960685181	-0.406454173458587
ENSG00000112972	HMGCS1	205822_s_at	-1.0	0.586295413690976	-1.84068105054991
ENSG00000112984	KIF20A	218755_at	0.1	0.939952140568664	0.439122010724536
ENSG00000112992	NNT	202784_s_at	-0.5	0.494247679424557	-2.13080918183685
ENSG00000113013	HSPA9	200691_s_at	-0.5	0.292479951217099	-2.96913088914217
ENSG00000113070	HBEGF	203821_at	0.6	0.708528877153007	1.44003618547144
ENSG00000113161	HMGCR	202539_s_at	-0.8	0.325479075163598	-2.75895932080631
ENSG00000113240	CLK4	210346_s_at	-0.1	0.955177891328436	-0.305126635493412
ENSG00000113303	BTNL8	220421_at	0.1	0.98333520305247	0.141967933107885
ENSG00000113368	LMNB1	203276_at	-0.1	0.955177891328436	-0.353313660842317
ENSG00000113580	NR3C1	201865_x_at	0.1	0.931828895086388	0.495610291611678
ENSG00000113645	WWC1	213085_s_at	0.3	0.811325834257641	1.00649951806401
ENSG00000113790	EHHADH	205222_at	-0.1	0.955177891328436	-0.348327461896512
ENSG00000114166	KAT2B	203845_at	0.1	0.955177891328436	0.327733189132868
ENSG00000114248	LRRC31	220622_at	0.2	0.917418965381931	0.563842881523864
ENSG00000114541	FRMD4B	213056_at	0.1	0.932508648811672	0.454824688480508
ENSG00000114698	PLSCR4	218901_at	0.1	0.98333520305247	0.137298342773717
ENSG00000114784	EIF1B	201738_at	-0.3	0.730293978820087	-1.35392732883524
ENSG00000114812	VIPR1	205019_s_at	0.3	0.768986507563916	1.15950760826277
ENSG00000115009	CCL20	205476_at	0.9	0.79619566966022	1.07092224569797
ENSG00000115221	ITGB6	208083_s_at	-0.4	0.778922752754519	-1.12430009790702
ENSG00000115263	GCG	206422_at	-1.0	0.778922752754519	-1.1248211250189
ENSG00000115380	EFEMP1	201842_s_at	-0.8	0.568709706785212	-1.92149777078675
ENSG00000115414	FN1	210495_x_at	-1.2	0.659267986854278	-1.60414212075119
ENSG00000115415	STAT1	200887_s_at	-0.5	0.858551118851616	-0.855352848052142
ENSG00000115419	GLS	203159_at	0.1	0.931828895086388	0.459064969011501
ENSG00000115457	IGFBP2	202718_at	-0.6	0.840942785762406	-0.897915917954319
ENSG00000115504	EHBP1	212653_s_at	-0.5	0.448774702691515	-2.36103419796957
ENSG00000115548	KDM3A	212689_s_at	0.1	0.929595214378619	0.521524370859885
ENSG00000115590	IL1R2	205403_at	-0.4	0.902754494129937	-0.613892427706024
ENSG00000115594	IL1R1	202948_at	-0.1	0.955177891328436	-0.288722541796638
ENSG00000115616	SLC9A2	211116_at	-0.7	0.253679222398689	-3.29799201583302
ENSG00000115641	FHL2	202949_s_at	-0.2	0.931828895086388	-0.46194802155592
ENSG00000115648	MLPH	218211_s_at	0.2	0.912387952676557	0.583077214775294
ENSG00000115758	ODC1	200790_at	-0.3	0.931828895086388	-0.479764625238698
ENSG00000115993	TRAK2	202125_s_at	-0.6	0.350445808525908	-2.66998544139688
ENSG00000116005	PCYOX1	203803_at	-1.0	0.271483750185658	-3.1265113194872
ENSG00000116133	DHCR24	200862_at	0.1	0.919360149602259	0.555936572570524
ENSG00000116260	QSOX1	201482_at	-0.2	0.931828895086388	-0.487482891727996
ENSG00000116299	ELAPOR1	221874_at	-0.7	0.262677736693666	-3.16860655886022
ENSG00000116406	EDEM3	220342_x_at	-0.6	0.494247679424557	-2.14326172358649
ENSG00000116514	RNF19B	36564_at	0.3	0.840942785762406	0.901578371005105
ENSG00000116560	SFPQ	201586_s_at	-0.3	0.760130818381082	-1.22091630886727
ENSG00000116586	LAMTOR2	218291_at	-0.5	0.260372934155329	-3.21844401565777
ENSG00000116649	SRM	201516_at	0.5	0.742793868950387	1.30915597074806
ENSG00000116679	IVNS1ABP	206245_s_at	-0.2	0.928429357681765	-0.533074894073053
ENSG00000116729	WLS	221958_s_at	-0.4	0.600267229723058	-1.76787034431348
ENSG00000116741	RGS2	202388_at	-0.7	0.681239757482874	-1.55598903303816
ENSG00000116791	CRYZ	202950_at	-0.2	0.772516145861628	-1.1420432698333
ENSG00000116824	CD2	205831_at	0.1	0.978291840235042	0.186315637205775
ENSG00000117054	ACADM	202502_at	-0.3	0.897197724372416	-0.646304563040682
ENSG00000117115	PADI2	209791_at	0.1	0.972290833836652	0.210639700529485
ENSG00000117118	SDHB	202675_at	-0.6	0.194235038787561	-3.67830778630493
ENSG00000117228	GBP1	202270_at	0.3	0.955177891328436	0.311985282697659
ENSG00000117322	CR2	205544_s_at	0.7	0.613906866460734	1.73153956016491
ENSG00000117335	CD46	207549_x_at	-0.7	0.22414846961857	-3.48510294073674
ENSG00000117519	CNN3	201445_at	-0.4	0.778922752754519	-1.12012724015364
ENSG00000117528	ABCD3	202850_at	-0.3	0.828723681115385	-0.956221933816065
ENSG00000117724	CENPF	207828_s_at	-0.1	0.955177891328436	-0.351048998686428
ENSG00000117859	OSBPL9	218047_at	-0.4	0.747245647901268	-1.2565707990688
ENSG00000117983	MUC5B	213432_at	-0.1	0.969091775132428	-0.222030972383419
ENSG00000118242	MREG	219648_at	0.2	0.908080500993723	0.596805969357041
ENSG00000118246	FASTKD2	216996_s_at	-0.6	0.260372934155329	-3.20207099651548
ENSG00000118495	PLAGL1	209318_x_at	-0.4	0.701013425238156	-1.4971529667114
ENSG00000118503	TNFAIP3	202644_s_at	0.4	0.768983878405611	1.16637890916892
ENSG00000118515	SGK1	201739_at	-0.2	0.978291840235042	-0.183694877178618
ENSG00000118523	CCN2	209101_at	0.1	0.966932916266588	0.228012324638527
ENSG00000118564	FBXL5	209004_s_at	-0.3	0.811325834257641	-1.0154941922428
ENSG00000118705	RPN2	213491_x_at	-0.2	0.904859569911559	-0.606701855076481
ENSG00000118777	ABCG2	209735_at	1.0	0.884199708738466	0.736766702299033
ENSG00000118849	RARRES1	221872_at	-0.3	0.885751063550407	-0.701339696580237
ENSG00000118971	CCND2	200953_s_at	-0.3	0.836622731891569	-0.935368580491911
ENSG00000119042	SATB2	213435_at	0.1	0.966559519375873	0.231250826240784
ENSG00000119121	TRPM6	221102_s_at	0.3	0.840942785762406	0.916708189039968
ENSG00000119227	PIGZ	220041_at	-0.2	0.931828895086388	-0.487833600657143
ENSG00000119314	PTBP3	214697_s_at	-0.2	0.927313357195902	-0.539328988714324
ENSG00000119326	CTNNAL1	202468_s_at	0.1	0.955177891328436	0.330448837107225
ENSG00000119471	HSDL2	209513_s_at	-0.3	0.790489362140292	-1.08404616717992
ENSG00000119514	GALNT12	218885_s_at	-0.4	0.788855308847788	-1.08818361612894
ENSG00000119686	FLVCR2	219316_s_at	0.3	0.841018756301028	0.891802675215581
ENSG00000119705	SLIRP	221434_s_at	-0.1	0.97546065183888	-0.193737566052182
ENSG00000119711	ALDH6A1	204290_s_at	-0.7	0.104663510342021	-5.57079091611355
ENSG00000119917	IFIT3	204747_at	0.3	0.866876448227165	0.823857946396178
ENSG00000119950	MXI1	202364_at	0.5	0.713357914510788	1.41043352742884
ENSG00000119953	SMNDC1	200071_at	-0.4	0.706699669032712	-1.46783612394707
ENSG00000120063	GNA13	206917_at	-1.0	0.504229488217717	-2.08522018054737
ENSG00000120129	DUSP1	201041_s_at	0.7	0.701013425238156	1.49888676821691
ENSG00000120498	TEX11	221259_s_at	-0.2	0.885751063550407	-0.714585296890028
ENSG00000120694	HSPH1	206976_s_at	-0.2	0.834022460650682	-0.949604989776035
ENSG00000120699	EXOSC8	215136_s_at	-0.4	0.708528877153007	-1.43772543972792
ENSG00000120708	TGFBI	201506_at	-0.1	0.975056001186103	-0.196032251514964
ENSG00000120738	EGR1	201694_s_at	1.2	0.706699669032712	1.47310124171681
ENSG00000120833	SOCS2	203373_at	0.1	0.962931034928295	0.252215777091494
ENSG00000120885	CLU	208791_at	0.1	0.955177891328436	0.341500836349563
ENSG00000120889	TNFRSF10B	209295_at	-0.2	0.897197724372416	-0.660738195025394
ENSG00000120913	PDLIM2	219165_at	0.5	0.790489362140292	1.08522016414318
ENSG00000120992	LYPLA1	203007_x_at	-0.6	0.294991375936114	-2.93639181524125
ENSG00000121350	PYROXD1	213878_at	-0.2	0.91618079302497	-0.566784733450701
ENSG00000121552	CSTA	204971_at	0.3	0.778922752754519	1.11990483180878
ENSG00000121691	CAT	201432_at	-0.3	0.904859569911559	-0.604233860683999
ENSG00000121858	TNFSF10	202688_at	0.6	0.499851985719609	2.10403980616534
ENSG00000121879	PIK3CA	204369_at	-0.3	0.747245647901268	-1.26702126948959
ENSG00000121931	LRIF1	220235_s_at	-0.3	0.804908846880961	-1.04994828486638
ENSG00000121957	GPSM2	221922_at	-0.3	0.819435646104799	-0.994118385121391
ENSG00000122121	XPNPEP2	216910_at	0.3	0.868702995563057	0.817985414990738
ENSG00000122406	RPL5	200937_s_at	-0.4	0.692499432817578	-1.52338444908978
ENSG00000122711	SPINK4	207214_at	-1.1	0.746800637448515	-1.28106721489845
ENSG00000122786	CALD1	212077_at	0.1	0.955177891328436	0.340250846083988
ENSG00000122862	SRGN	201858_s_at	-0.3	0.866876448227165	-0.829194017640616
ENSG00000122971	ACADS	202366_at	-0.1	0.958877257651735	-0.263749001655876
ENSG00000123095	BHLHE41	221530_s_at	-0.2	0.932901483210013	-0.453494613781659
ENSG00000123131	PRDX4	201923_at	-0.4	0.866876448227165	-0.829141335078618
ENSG00000123136	DDX39A	201584_s_at	0.2	0.888715684710336	0.694965352395454
ENSG00000123146	ADGRE5	202910_s_at	-0.7	0.393396090873729	-2.55299446906914
ENSG00000123643	SLC36A1	213119_at	0.1	0.935597656124581	0.449791847708491
ENSG00000123975	CKS2	204170_s_at	-0.4	0.746595650672933	-1.2909295794397
ENSG00000124102	PI3	203691_at	0.5	0.90630239504487	0.601835220828419
ENSG00000124107	SLPI	203021_at	-0.4	0.91618079302497	-0.567897624024847
ENSG00000124226	RNF114	211678_s_at	-0.2	0.825061796019603	-0.966392997991606
ENSG00000124253	PCK1	208383_s_at	0.1	0.990226363223259	0.0777723662910552
ENSG00000124299	PEPD	202108_at	-0.2	0.912387952676557	-0.580517481806133
ENSG00000124406	ATP8A1	213106_at	-0.5	0.648032110589027	-1.63770175412244
ENSG00000124429	POF1B	219756_s_at	-0.5	0.143484219522912	-4.26364971071312
ENSG00000124587	PEX6	204545_at	0.2	0.879380904161049	0.767722163234683
ENSG00000124588	NQO2	203814_s_at	0.2	0.940032443313091	0.435042934223687
ENSG00000124615	MOCS1	213181_s_at	0.2	0.897197724372416	0.651708865663505
ENSG00000124802	EEF1E1	204905_s_at	-0.1	0.955177891328436	-0.300936096355371
ENSG00000124839	RAB17	218931_at	0.1	0.955177891328436	0.368050326207738
ENSG00000124882	EREG	205767_at	0.1	0.955177891328436	0.337801437174908
ENSG00000124939	SCGB2A1	205979_at	-0.3	0.919360149602259	-0.554442366294902
ENSG00000125144	MT1G	204745_x_at	-0.7	0.541171695466567	-1.99134563215867
ENSG00000125148	MT2A	212185_x_at	-0.4	0.581862218723545	-1.86145891417866
ENSG00000125266	EFNB2	202668_at	-0.5	0.238919134318048	-3.38228773627133
ENSG00000125347	IRF1	202531_at	0.6	0.723167149955544	1.37378276027296
ENSG00000125398	SOX9	202936_s_at	-0.2	0.872959221801264	-0.80849353381478
ENSG00000125534	PPDPF	218010_x_at	0.7	0.259112751774884	3.24418353205324
ENSG00000125538	IL1B	205067_at	0.1	0.955177891328436	0.299149114303838
ENSG00000125730	C3	217767_at	0.2	0.941582804285078	0.43251749530041
ENSG00000125740	FOSB	202768_at	0.4	0.884199708738466	0.733248809293754
ENSG00000125743	SNRPD2	200826_at	-0.5	0.586719498225506	-1.82541107783245
ENSG00000125798	FOXA2	210103_s_at	-0.3	0.897197724372416	-0.657169908552327
ENSG00000125827	TMX4	201580_s_at	-0.3	0.76793637366698	-1.18893674343446
ENSG00000125848	FLRT3	219250_s_at	-0.2	0.929595214378619	-0.525150219890914
ENSG00000125977	EIF2S2	208726_s_at	-0.2	0.811325834257641	-1.01225535958899
ENSG00000126804	ZBTB1	213376_at	-0.6	0.307212419722701	-2.8765957453845
ENSG00000126821	SGPP1	221268_s_at	-0.7	0.440915046000215	-2.39628351613564
ENSG00000127334	DYRK2	202969_at	-0.6	0.426685582071702	-2.45181303305634
ENSG00000127528	KLF2	219371_s_at	-0.3	0.811325834257641	-1.03716959103735
ENSG00000127824	TUBA4A	212242_at	0.1	0.937608720034281	0.446795389078535
ENSG00000127870	RNF6	203403_s_at	-0.3	0.825061796019603	-0.962951538242373
ENSG00000127914	AKAP9	210962_s_at	0.2	0.946763960685181	0.408810761763749
ENSG00000127951	FGL2	204834_at	-0.5	0.494247679424557	-2.1344218288069
ENSG00000127955	GNAI1	209576_at	-0.3	0.897980789999325	-0.630660099500549
ENSG00000127995	CASD1	219342_at	-0.3	0.788855308847788	-1.09137749286586
ENSG00000128016	ZFP36	201531_at	0.6	0.421729507667565	2.47865605344631
ENSG00000128050	PAICS	201013_s_at	-0.3	0.811325834257641	-1.01419499103262
ENSG00000128228	SDF2L1	218681_s_at	-0.1	0.972290833836652	-0.211114402680851
ENSG00000128283	CDC42EP1	204693_at	-0.1	0.955177891328436	-0.279525967652741
ENSG00000128383	APOBEC3A	210873_x_at	-0.1	0.978291840235042	-0.175497195941451
ENSG00000128590	DNAJB9	202842_s_at	-0.2	0.840942785762406	-0.913556125351624
ENSG00000128595	CALU	200757_s_at	-0.1	0.929595214378619	-0.529723039075923
ENSG00000128609	NDUFA5	201304_at	-0.5	0.793337725233151	-1.07877280377174
ENSG00000128626	MRPS12	204331_s_at	-0.3	0.782133520456805	-1.11024708855964
ENSG00000128645	HOXD1	205975_s_at	-0.2	0.751426669867122	-1.24466242645401
ENSG00000128710	HOXD10	207373_at	-0.1	0.955177891328436	-0.279894943852071
ENSG00000128713	HOXD11	214604_at	-0.3	0.873604246486676	-0.805394730401061
ENSG00000128714	HOXD13	207398_at	-0.4	0.706699669032712	-1.46453339573208
ENSG00000128951	DUT	208956_x_at	-0.5	0.260372934155329	-3.20425377660555
ENSG00000129116	PALLD	200907_s_at	-0.7	0.306252373212267	-2.89014078975406
ENSG00000129167	TPH1	214601_at	-0.6	0.452608692206665	-2.3347432143422
ENSG00000129521	EGLN3	219232_s_at	0.5	0.840942785762406	0.89633390417741
ENSG00000129538	RNASE1	201785_at	-0.6	0.847870049397865	-0.871002977589397
ENSG00000129657	SEC14L1	202084_s_at	-0.5	0.696070256005502	-1.51603990880201
ENSG00000129824	RPS4Y1	201909_at	-0.3	0.608194982880224	-1.74708715859108
ENSG00000130021	PUDP	203974_at	0.1	0.685804042351114	1.54818940051159
ENSG00000130055	GDPD2	220291_at	0.1	0.955177891328436	0.284815418931928
ENSG00000130147	SH3BP4	222258_s_at	-0.4	0.709694765122564	-1.43307325214114
ENSG00000130164	LDLR	202068_s_at	-0.3	0.91618079302497	-0.568135018672134
ENSG00000130255	RPL36	219762_s_at	-0.4	0.657801239585821	-1.61102600336355
ENSG00000130303	BST2	201641_at	-0.3	0.885751063550407	-0.700891612308978
ENSG00000130311	DDA1	218260_at	0.1	0.955177891328436	0.320652261190605
ENSG00000130312	MRPL34	221692_s_at	-0.4	0.569558306978145	-1.90704637695391
ENSG00000130332	LSM7	204559_s_at	-0.5	0.448774702691515	-2.35848693985572
ENSG00000130513	GDF15	221577_x_at	0.5	0.866876448227165	0.829988454515971
ENSG00000130522	JUND	203752_s_at	0.2	0.841018756301028	0.887842313331004
ENSG00000130707	ASS1	207076_s_at	0.4	0.885751063550407	0.715642331943483
ENSG00000130770	ATP5IF1	218671_s_at	-0.6	0.104663510342021	-5.11921000876185
ENSG00000130816	DNMT1	201697_s_at	0.3	0.834109133421797	0.942177782249386
ENSG00000130821	SLC6A8	202219_at	0.4	0.755430825871223	1.23524228537019
ENSG00000130826	DKC1	201479_at	-0.2	0.931828895086388	-0.467281223846191
ENSG00000131002	TXLNGY	214131_at	0.2	0.586295413690976	1.83910947955576
ENSG00000131037	EPS8L1	91826_at	0.2	0.919360149602259	0.551802495154328
ENSG00000131171	SH3BGRL	201312_s_at	-0.9	0.115365050471799	-4.73412114580707
ENSG00000131203	IDO1	210029_at	0.2	0.880074740147208	0.755136794981105
ENSG00000131375	CAPN7	203357_s_at	-0.6	0.466298963449677	-2.2911834751572
ENSG00000131378	RFTN1	212646_at	0.4	0.706699669032712	1.46094985186448
ENSG00000131462	TUBG1	201714_at	0.1	0.955177891328436	0.293117574195724
ENSG00000131508	UBE2D2	201345_s_at	-0.6	0.132873090180777	-4.36420725269318
ENSG00000131747	TOP2A	201292_at	-0.3	0.880074740147208	-0.757710818889265
ENSG00000131781	FMO5	205776_at	-0.7	0.746611710351346	-1.28591524897195
ENSG00000131873	CHSY1	203044_at	-0.3	0.710343880545604	-1.42858834413658
ENSG00000131979	GCH1	204224_s_at	-0.2	0.872436874870063	-0.811061087160207
ENSG00000132109	TRIM21	204804_at	0.1	0.919360149602259	0.553101613563707
ENSG00000132294	EFR3A	212149_at	-0.1	0.945147672731687	-0.419597076983105
ENSG00000132356	PRKAA1	209799_at	-0.4	0.741859032003228	-1.32291665498216
ENSG00000132437	DDC	205311_at	-0.4	0.640681560907507	-1.67762415337746
ENSG00000132465	JCHAIN	212592_at	-2.3	0.104663510342021	-4.9656832417514
ENSG00000132471	WBP2	209117_at	0.5	0.325479075163598	2.76598562648575
ENSG00000132510	KDM6B	41386_i_at	0.5	0.421729507667565	2.47411775069381
ENSG00000132541	RIDA	203790_s_at	-0.5	0.466298963449677	-2.29364982898765
ENSG00000132561	MATN2	202350_s_at	-0.6	0.701013425238156	-1.50337982068726
ENSG00000132640	BTBD3	202946_s_at	-0.1	0.989106769765058	-0.10514240304132
ENSG00000132661	NXT1	218708_at	-0.1	0.949414267487249	-0.398601669786398
ENSG00000132780	NASP	201970_s_at	-0.3	0.741859032003228	-1.31710729689946
ENSG00000132915	PDE6A	206623_at	-0.4	0.742793868950387	-1.31219214995422
ENSG00000133110	POSTN	210809_s_at	0.9	0.494247679424557	2.16315316689994
ENSG00000133135	RNF128	219263_at	-0.3	0.766179636087537	-1.20365841582361
ENSG00000133216	EPHB2	211165_x_at	-0.2	0.931828895086388	-0.502552233921688
ENSG00000133321	PLAAT4	204070_at	0.3	0.931828895086388	0.50887063113924
ENSG00000133328	PLAAT2	221122_at	1.0	0.262677736693666	3.16971449135274
ENSG00000133657	ATP13A3	219558_at	-0.5	0.549003510182585	-1.9646051720849
ENSG00000133710	SPINK5	205185_at	-0.4	0.955177891328436	-0.331391471243929
ENSG00000133935	ERG28	217188_s_at	-0.4	0.539749622879182	-1.99709183203938
ENSG00000134028	ADAMDEC1	206134_at	-0.9	0.482912584196741	-2.22605350959763
ENSG00000134057	CCNB1	214710_s_at	-0.1	0.981748072971225	-0.167314585298237
ENSG00000134107	BHLHE40	201170_s_at	-0.2	0.897980789999325	-0.63068104358029
ENSG00000134215	VAV3	218807_at	0.4	0.747245647901268	1.26227263087852
ENSG00000134240	HMGCS2	204607_at	-0.1	0.990226363223259	-0.0761180284099034
ENSG00000134243	SORT1	212807_s_at	-0.4	0.722694409629838	-1.37940714305815
ENSG00000134265	NAPG	210048_at	-0.2	0.840942785762406	-0.911387581097402
ENSG00000134321	RSAD2	213797_at	-0.1	0.982758451792146	-0.152371428204683
ENSG00000134324	LPIN1	212276_at	-0.5	0.746595650672933	-1.289383003581
ENSG00000134470	IL15RA	207375_s_at	0.6	0.325479075163598	2.76569290976135
ENSG00000134531	EMP1	201324_at	-0.6	0.500762921354111	-2.09967041791363
ENSG00000134569	LRP4	212850_s_at	0.1	0.989106769765058	0.098350262876811
ENSG00000134602	STK26	218499_at	-0.5	0.494707054356054	-2.12365762441974
ENSG00000134684	YARS1	212048_s_at	-0.1	0.968760780658162	-0.223655681927643
ENSG00000134697	GNL2	201948_at	-0.6	0.376662156370521	-2.58632257488094
ENSG00000134755	DSC2	204751_x_at	-0.6	0.206149545310443	-3.62227685958448
ENSG00000134825	TMEM258	218213_s_at	-0.1	0.962931034928295	-0.241758481842007
ENSG00000134853	PDGFRA	203131_at	0.3	0.836622731891569	0.93433142764128
ENSG00000134970	TMED7	209404_s_at	-0.7	0.104663510342021	-4.98875289112102
ENSG00000135002	RFK	203224_at	0.5	0.751426669867122	1.24380713293891
ENSG00000135046	ANXA1	201012_at	-0.2	0.884199708738466	-0.737382124379152
ENSG00000135070	ISCA1	209274_s_at	-0.6	0.688941710201834	-1.53074809982733
ENSG00000135083	CCNJL	219227_at	-0.1	0.955177891328436	-0.30100433909945
ENSG00000135090	TAOK3	220761_s_at	0.3	0.715808151830659	1.39875636557864
ENSG00000135114	OASL	205660_at	-0.2	0.840942785762406	-0.908089409059129
ENSG00000135124	P2RX4	204088_at	0.4	0.841821683483759	0.882351036850598
ENSG00000135220	UGT2A3	219948_x_at	-0.3	0.873853063124535	-0.792723529099991
ENSG00000135318	NT5E	203939_at	-0.3	0.893737362110832	-0.686100050658748
ENSG00000135362	PRR5L	219383_at	0.2	0.931828895086388	0.459049288927866
ENSG00000135373	EHF	219850_s_at	-0.9	0.498938776143756	-2.10842953463138
ENSG00000135387	CAPRIN1	200723_s_at	-0.7	0.104663510342021	-5.0754177943622
ENSG00000135390	ATP5MC2	208764_s_at	-0.7	0.104663510342021	-5.60989845692626
ENSG00000135407	AVIL	205539_at	0.7	0.219768674056846	3.51124781095216
ENSG00000135678	CPM	206100_at	-0.5	0.640681560907507	-1.68056863067183
ENSG00000135750	KCNK1	204679_at	-0.3	0.841018756301028	-0.887487385125909
ENSG00000135821	GLUL	215001_s_at	-0.4	0.762682647666774	-1.21271415351711
ENSG00000135917	SLC19A3	220736_at	-0.2	0.946763960685181	-0.407040809735834
ENSG00000135919	SERPINE2	212190_at	0.4	0.786653222515345	1.10071204680054
ENSG00000135929	CYP27A1	203979_at	-0.3	0.828215893130365	-0.957890976244739
ENSG00000136011	STAB2	220114_s_at	0.7	0.0760553569020691	6.78954428720866
ENSG00000136021	SCYL2	221220_s_at	-0.5	0.687255507456158	-1.53435047126418
ENSG00000136026	CKAP4	200998_s_at	-0.1	0.955177891328436	-0.283277839985456
ENSG00000136044	APPL2	218218_at	0.3	0.894018217111661	0.684752936206146
ENSG00000136048	DRAM1	218627_at	0.4	0.76793637366698	1.18069488807831
ENSG00000136098	NEK3	213116_at	0.3	0.768983878405611	1.16527802421944
ENSG00000136104	RNASEH2B	215040_at	0.6	0.104663510342021	4.94213065205869
ENSG00000136158	SPRY2	204011_at	-0.4	0.756555469650411	-1.22721390284466
ENSG00000136193	SCRN1	201462_at	0.6	0.494247679424557	2.16488556286273
ENSG00000136205	TNS3	217853_at	0.4	0.600267229723058	1.77038207713978
ENSG00000136235	GPNMB	201141_at	-0.1	0.985896914750128	-0.118844112184131
ENSG00000136514	RTP4	219684_at	0.1	0.955177891328436	0.280599360519976
ENSG00000136636	KCTD3	217894_at	-0.6	0.313091766420104	-2.81220288785051
ENSG00000136754	ABI1	209027_s_at	-0.2	0.873853063124535	-0.794892299158768
ENSG00000136758	YME1L1	201351_s_at	-0.6	0.107191808569985	-4.83337099974519
ENSG00000136824	SMC2	204240_s_at	-0.6	0.296090363327544	-2.92593437487871
ENSG00000136828	RALGPS1	204199_at	-0.4	0.747245647901268	-1.26171319192341
ENSG00000136867	SLC31A2	204204_at	-0.3	0.880074740147208	-0.751091456267222
ENSG00000136868	SLC31A1	203971_at	-0.4	0.596817476211717	-1.79471257238041
ENSG00000136872	ALDOB	204705_x_at	0.1	0.955177891328436	0.354216445064319
ENSG00000136925	TSTD2	213161_at	-0.1	0.958877257651735	-0.262621926450838
ENSG00000136937	NCBP1	209520_s_at	-0.3	0.884943479282817	-0.726490123830504
ENSG00000136942	RPL35	200002_at	-0.2	0.909160182721792	-0.590230215659476
ENSG00000136943	CTSV	210074_at	-0.7	0.444619793238051	-2.38449079219573
ENSG00000136997	MYC	202431_s_at	-1.1	0.188853518318314	-3.72759208600833
ENSG00000137077	CCL21	204606_at	-0.1	0.975056001186103	-0.195811383968039
ENSG00000137267	TUBB2A	204141_at	0.4	0.897913159834437	0.639255162731928
ENSG00000137269	LRRC1	218816_at	0.3	0.811325834257641	1.0136191749941
ENSG00000137331	IER3	201631_s_at	0.2	0.91618079302497	0.569886309022145
ENSG00000137440	FGFBP1	205014_at	0.6	0.751426669867122	1.24517723000128
ENSG00000137563	GGH	203560_at	-0.5	0.568709706785212	-1.91647164612516
ENSG00000137628	DDX60	218986_s_at	-0.3	0.91618079302497	-0.569112889239979
ENSG00000137642	SORL1	203509_at	-0.2	0.897197724372416	-0.663409697181133
ENSG00000137699	TRIM29	202504_at	-0.1	0.955177891328436	-0.323865156939836
ENSG00000137752	CASP1	209970_x_at	0.5	0.885751063550407	0.715724736424449
ENSG00000137757	CASP5	207500_at	0.4	0.884199708738466	0.733716538708038
ENSG00000137801	THBS1	201108_s_at	0.1	0.955177891328436	0.350158890383997
ENSG00000137825	ITPKA	205874_at	0.3	0.768986507563916	1.15718864039926
ENSG00000137942	FNBP1L	215017_s_at	-0.3	0.79619566966022	-1.07277884000977
ENSG00000137944	KYAT3	209472_at	-0.5	0.581862218723545	-1.86472047890674
ENSG00000137960	GIPC2	219970_at	-0.1	0.942372372886109	-0.425238881264656
ENSG00000137996	RTCA	203594_at	-0.2	0.929595214378619	-0.526843919246851
ENSG00000138119	MYOF	201798_s_at	0.1	0.97546065183888	0.193582475588153
ENSG00000138135	CH25H	206932_at	0.3	0.760447798839178	1.21872103451207
ENSG00000138166	DUSP5	209457_at	0.7	0.469727110262059	2.27463978662619
ENSG00000138180	CEP55	218542_at	0.1	0.962931034928295	0.248386145054912
ENSG00000138207	RBP4	219140_s_at	0.1	0.955177891328436	0.279842833181096
ENSG00000138399	FASTKD1	219002_at	-0.4	0.533155720673442	-2.01582411238845
ENSG00000138592	USP8	202745_at	-0.4	0.581862218723545	-1.86357795847549
ENSG00000138593	SECISBP2L	212450_at	-0.1	0.939952140568664	-0.440752978581359
ENSG00000138594	TMOD3	220800_s_at	-0.6	0.52288585273222	-2.03146694988493
ENSG00000138640	FAM13A	202973_x_at	-0.2	0.931828895086388	-0.497542184075433
ENSG00000138669	PRKG2	207505_at	0.5	0.467478792327506	2.28558972355514
ENSG00000138744	NAAA	214765_s_at	0.3	0.929595214378619	0.521922173095459
ENSG00000138760	SCARB2	201646_at	-0.8	0.600267229723058	-1.77696205205143
ENSG00000138764	CCNG2	211559_s_at	-0.8	0.158249551677289	-4.01643833897223
ENSG00000138772	ANXA3	209369_at	0.1	0.955177891328436	0.288523803361955
ENSG00000138778	CENPE	205046_at	0.4	0.601485843966439	1.76115193251935
ENSG00000138794	CASP6	209790_s_at	-0.5	0.494247679424557	-2.13177552887231
ENSG00000138796	HADH	211569_s_at	-0.3	0.788855308847788	-1.09264620525995
ENSG00000138821	SLC39A8	219869_s_at	-1.1	0.307265465355053	-2.8682645983548
ENSG00000139163	ETNK1	219017_at	0.6	0.919360149602259	0.551375726945463
ENSG00000139192	TAPBPL	218747_s_at	-0.6	0.313091766420104	-2.82301507745935
ENSG00000139209	SLC38A4	220786_s_at	-0.1	0.955177891328436	-0.33825772915416
ENSG00000139218	SCAF11	213850_s_at	-0.5	0.659267986854278	-1.6022223012586
ENSG00000139318	DUSP6	208891_at	-0.4	0.819435646104799	-0.989685950236786
ENSG00000139329	LUM	201744_s_at	-0.5	0.747245647901268	-1.27003607481154
ENSG00000139343	SNRPF	203832_at	-0.3	0.726873532465877	-1.36212874989531
ENSG00000139372	TDG	203743_s_at	-0.1	0.950783570496287	-0.390753091839448
ENSG00000139508	SLC46A3	214719_at	0.3	0.768986507563916	1.16042401294998
ENSG00000139514	SLC7A1	212295_s_at	-0.5	0.706699669032712	-1.46159211751302
ENSG00000139531	SUOX	204067_at	0.3	0.866876448227165	0.831186068529494
ENSG00000139629	GALNT6	219956_at	0.4	0.641994619910573	1.65978888591133
ENSG00000139725	RHOF	219045_at	-0.6	0.494247679424557	-2.13636034655903
ENSG00000139946	PELI2	219132_at	0.4	0.825061796019603	0.962038460947007
ENSG00000140105	WARS1	200628_s_at	-0.1	0.966130845488701	-0.233327611241311
ENSG00000140279	DUOX2	219727_at	1.2	0.517894469330122	2.04372256420304
ENSG00000140284	SLC27A2	205769_at	0.2	0.929595214378619	0.515472662356285
ENSG00000140374	ETFA	201931_at	-0.4	0.667898485668082	-1.58939425971833
ENSG00000140682	TGFB1I1	209651_at	0.2	0.811325834257641	1.00955028499182
ENSG00000140948	ZCCHC14	212655_at	0.1	0.949414267487249	0.399298363021792
ENSG00000140968	IRF8	204057_at	0.1	0.929595214378619	0.527553937960261
ENSG00000141232	TOB1	202704_at	0.5	0.673399657339921	1.57555117067227
ENSG00000141434	MEP1B	207251_at	0.2	0.959972646774378	0.257023300920188
ENSG00000141441	GAREM1	219377_at	-0.1	0.978291840235042	-0.175328544371229
ENSG00000141447	OSBPL1A	209485_s_at	0.4	0.931828895086388	0.456583465096664
ENSG00000141458	NPC1	202679_at	-0.7	0.587580645410854	-1.81717233150692
ENSG00000141542	RAB40B	204547_at	-0.2	0.880074740147208	-0.759957952774341
ENSG00000141574	SECTM1	213716_s_at	0.8	0.586719498225506	1.8276936787853
ENSG00000141646	SMAD4	202527_s_at	-0.5	0.70388511622965	-1.48573487033984
ENSG00000141655	TNFRSF11A	207037_at	-0.2	0.841018756301028	-0.889893387026917
ENSG00000141682	PMAIP1	204285_s_at	0.1	0.955177891328436	0.298744993829171
ENSG00000141736	ERBB2	216836_s_at	-0.1	0.959352392566218	-0.258601698114151
ENSG00000141753	IGFBP4	201508_at	0.1	0.931828895086388	0.461140231571261
ENSG00000142089	IFITM3	212203_x_at	-0.2	0.917418965381931	-0.562727152887013
ENSG00000142173	COL6A2	209156_s_at	0.1	0.955177891328436	0.36842374779541
ENSG00000142188	TMEM50B	219600_s_at	-0.4	0.568709706785212	-1.91905580517059
ENSG00000142227	EMP3	203729_at	-0.3	0.79619566966022	-1.0729921007998
ENSG00000142453	CARM1	212512_s_at	0.3	0.756555469650411	1.22746421094637
ENSG00000142627	EPHA2	203499_at	0.1	0.974402345977285	0.205381114212213
ENSG00000142657	PGD	201118_at	-0.5	0.600267229723058	-1.76849490778322
ENSG00000142669	SH3BGRL3	221269_s_at	0.6	0.430383213168753	2.43934224815379
ENSG00000142677	IL22RA1	220056_at	-0.1	0.972290833836652	-0.209969715945736
ENSG00000142684	ZNF593	204175_at	-0.2	0.931828895086388	-0.481410279074858
ENSG00000142871	CCN1	210764_s_at	0.4	0.61898554761186	1.72380399975518
ENSG00000142875	PRKACB	202741_at	-0.2	0.866876448227165	-0.820815497821314
ENSG00000142949	PTPRF	200636_s_at	0.1	0.946763960685181	0.405773908946538
ENSG00000143061	IGSF3	202421_at	0.1	0.942372372886109	0.42543252345734
ENSG00000143157	POGK	218229_s_at	-0.5	0.206573972395763	-3.60696956413795
ENSG00000143384	MCL1	200797_s_at	-0.4	0.511074241115113	-2.05840991483234
ENSG00000143416	SELENBP1	214433_s_at	-0.1	0.955177891328436	-0.295775654491592
ENSG00000143476	DTL	218585_s_at	0.2	0.873647842327013	0.799078747123606
ENSG00000143546	S100A8	202917_s_at	0.8	0.121095252265397	4.50653650995392
ENSG00000143554	SLC27A3	222217_s_at	-0.1	0.955177891328436	-0.363924196144217
ENSG00000143621	ILF2	200052_s_at	-0.4	0.706699669032712	-1.47311692515861
ENSG00000143748	NVL	207877_s_at	0.4	0.219768674056846	3.52749731745048
ENSG00000143776	CDC42BPA	203794_at	0.5	0.494247679424557	2.1478440875514
ENSG00000143870	PDIA6	207668_x_at	-0.4	0.600267229723058	-1.76715031784182
ENSG00000143878	RHOB	212099_at	0.1	0.955177891328436	0.304864137047089
ENSG00000143924	EML4	220386_s_at	-0.5	0.489467580055199	-2.1884216351687
ENSG00000144224	UBXN4	212007_at	-0.6	0.482912584196741	-2.23021080387393
ENSG00000144366	GULP1	204235_s_at	0.1	0.972290833836652	0.215640192151469
ENSG00000144674	GOLGA4	201567_s_at	-0.5	0.313091766420104	-2.83413592606603
ENSG00000144744	UBA3	209115_at	-0.3	0.825061796019603	-0.96492715026277
ENSG00000144746	ARL6IP5	200761_s_at	-0.2	0.880074740147208	-0.756067298710295
ENSG00000144867	SRPRB	218140_x_at	-0.4	0.811325834257641	-1.01427844495745
ENSG00000144908	ALDH1L1	205208_at	-0.1	0.955177891328436	-0.344294753414711
ENSG00000145050	MANF	202655_at	-0.2	0.897197724372416	-0.651234224970816
ENSG00000145287	PLAC8	219014_at	0.3	0.819435646104799	0.989470641998151
ENSG00000145386	CCNA2	213226_at	-0.1	0.955177891328436	-0.369406631947009
ENSG00000145649	GZMA	205488_at	0.5	0.866876448227165	0.826295050796729
ENSG00000145675	PIK3R1	212240_s_at	-0.3	0.769366562274338	-1.1526101207519
ENSG00000145703	IQGAP2	203474_at	-0.1	0.955177891328436	-0.326302537310408
ENSG00000145730	PAM	202336_s_at	-0.6	0.494247679424557	-2.15501891487428
ENSG00000145779	TNFAIP8	208296_x_at	-0.8	0.462350993857722	-2.31150245252818
ENSG00000146039	SLC17A4	207051_at	0.6	0.715808151830659	1.39109131753291
ENSG00000146070	PLA2G7	206214_at	0.1	0.950783570496287	0.391766125560064
ENSG00000146476	ARMT1	218195_at	-0.4	0.746595650672933	-1.28811411095882
ENSG00000146674	IGFBP3	210095_s_at	0.2	0.834022460650682	0.946647810703847
ENSG00000146859	TMEM140	218999_at	0.6	0.489467580055199	2.18846181838109
ENSG00000146950	SHROOM2	204967_at	0.3	0.742793868950387	1.30127473195092
ENSG00000147065	MSN	200600_at	0.1	0.978291840235042	0.188514845066391
ENSG00000147155	EBP	202735_at	-0.3	0.873240600927966	-0.807130693188146
ENSG00000147202	DIAPH2	205726_at	-0.2	0.851474220494932	-0.865360799534299
ENSG00000147324	MFHAS1	213457_at	-0.8	0.278979335057191	-3.04924690436021
ENSG00000147383	NSDHL	209279_s_at	-0.5	0.569558306978145	-1.90082216583666
ENSG00000147400	CETN2	209194_at	-0.1	0.955177891328436	-0.380725266631225
ENSG00000147471	PLPBP	209385_s_at	-0.1	0.955177891328436	-0.371327168676676
ENSG00000147852	VLDLR	209822_s_at	0.2	0.928429357681765	0.532461767528049
ENSG00000147862	NFIB	209290_s_at	0.7	0.313091766420104	2.81313496254691
ENSG00000147872	PLIN2	209122_at	-0.3	0.939952140568664	-0.438225884572438
ENSG00000147883	CDKN2B	207530_s_at	-0.2	0.912387952676557	-0.580232522333346
ENSG00000148090	AUH	205052_at	-0.5	0.767453753129482	-1.19727128379215
ENSG00000148175	STOM	201061_s_at	0.7	0.706699669032712	1.47244465438024
ENSG00000148180	GSN	200696_s_at	0.1	0.880074740147208	0.751753914389673
ENSG00000148341	SH3GLB2	218813_s_at	0.4	0.710343880545604	1.42145425211914
ENSG00000148346	LCN2	212531_at	0.9	0.864344119771379	0.844323215647993
ENSG00000148411	NACC2	212993_at	0.1	0.955177891328436	0.345398759431443
ENSG00000148600	CDHR1	213369_at	-0.5	0.568709706785212	-1.91656325180662
ENSG00000148671	ADIRF	203571_s_at	-0.4	0.87700455380714	-0.772478917267936
ENSG00000148730	EIF4EBP2	208770_s_at	-0.1	0.931828895086388	-0.489449713450491
ENSG00000148773	MKI67	212021_s_at	-0.1	0.968760780658162	-0.223289232314559
ENSG00000148840	PPRC1	203737_s_at	-0.3	0.884199708738466	-0.729288398620345
ENSG00000148926	ADM	202912_at	0.9	0.462350993857722	2.31244823399051
ENSG00000149260	CAPN5	205166_at	0.1	0.909160182721792	0.591613556901484
ENSG00000149573	MPZL2	203780_at	-0.4	0.687166300813522	-1.53638126509767
ENSG00000149591	TAGLN	205547_s_at	-0.1	0.955177891328436	-0.34022123594023
ENSG00000150540	HNMT	204112_s_at	-0.4	0.788855308847788	-1.09064879240277
ENSG00000150593	PDCD4	202730_s_at	-0.6	0.586719498225506	-1.82306838717502
ENSG00000150594	ADRA2A	209869_at	-0.3	0.927313357195902	-0.53896242359735
ENSG00000150687	PRSS23	202458_at	0.3	0.955177891328436	0.355351566456096
ENSG00000150760	DOCK1	203187_at	0.1	0.955177891328436	0.295576011544265
ENSG00000150768	DLAT	212568_s_at	-0.3	0.811325834257641	-1.03422267774237
ENSG00000150782	IL18	206295_at	-0.1	0.931828895086388	-0.464882147030869
ENSG00000150961	SEC24D	202375_at	-0.5	0.78068069209251	-1.11426415274708
ENSG00000151150	ANK3	209442_x_at	0.4	0.929595214378619	0.515027006944573
ENSG00000151208	DLG5	201681_s_at	-0.1	0.894783625946331	-0.669069621396997
ENSG00000151292	CSNK1G3	220768_s_at	-0.2	0.929595214378619	-0.519791570929056
ENSG00000151376	ME3	204663_at	0.2	0.942193157308865	0.427393649887868
ENSG00000151414	NEK7	212530_at	-0.4	0.715808151830659	-1.40313298234948
ENSG00000151498	ACAD8	221669_s_at	-0.3	0.837416704310721	-0.92914959434888
ENSG00000151689	INPP1	202794_at	-0.5	0.788855308847788	-1.09700925499703
ENSG00000151690	MFSD6	219858_s_at	-0.8	0.104663510342021	-4.94405395938047
ENSG00000151692	RNF144A	204040_at	0.1	0.950783570496287	0.390789998558834
ENSG00000151725	CENPU	218883_s_at	0.3	0.873604246486676	0.802407372496626
ENSG00000151748	SAV1	218276_s_at	0.1	0.902754494129937	0.616486508291282
ENSG00000151834	GABRA2	207014_at	-0.1	0.982758451792146	-0.15651962404607
ENSG00000151883	PARP8	219033_at	-0.1	0.955177891328436	-0.340962537750611
ENSG00000151929	BAG3	217911_s_at	-0.3	0.909843449025856	-0.588581940702586
ENSG00000152061	RABGAP1L	203020_at	0.3	0.766530565052257	1.20129231912356
ENSG00000152503	TRIM36	219736_at	0.3	0.885751063550407	0.722767372061953
ENSG00000152558	TMEM123	211967_at	-0.6	0.158249551677289	-4.00729551018723
ENSG00000152661	GJA1	201667_at	-0.3	0.864344119771379	-0.846816132373441
ENSG00000152684	PELO	218472_s_at	-0.4	0.701013425238156	-1.49039573067363
ENSG00000152763	DNAI4	220769_s_at	-0.2	0.955177891328436	-0.362597798084393
ENSG00000152778	IFIT5	203596_s_at	0.4	0.811325834257641	1.03671165406437
ENSG00000152785	BMP3	208244_at	-0.1	0.956064506405634	-0.2747967395742
ENSG00000153002	CPB1	205509_at	-0.3	0.741859032003228	-1.31791544540057
ENSG00000153071	DAB2	210757_x_at	-0.1	0.962931034928295	-0.245261866406232
ENSG00000153147	SMARCA5	202303_x_at	-0.7	0.148049579681072	-4.15997055861555
ENSG00000153233	PTPRR	210675_s_at	0.8	0.724938704915418	1.36563591572908
ENSG00000153234	NR4A2	204621_s_at	0.4	0.87700455380714	0.779454776940205
ENSG00000153485	TMEM251	213246_at	-0.1	0.939952140568664	-0.436326695336419
ENSG00000153879	CEBPG	204203_at	-0.3	0.710343880545604	-1.4202488730797
ENSG00000154153	RETREG1	218510_x_at	0.7	0.372808381666111	2.59811966555848
ENSG00000154217	PITPNC1	219155_at	0.2	0.919360149602259	0.55086041608588
ENSG00000154640	BTG3	213134_x_at	-0.2	0.946087529982994	-0.416938691830894
ENSG00000154822	PLCL2	213309_at	0.1	0.972290833836652	0.209694331684773
ENSG00000155090	KLF10	202393_s_at	0.1	0.955177891328436	0.366646496200611
ENSG00000155324	GRAMD2B	218706_s_at	0.4	0.866876448227165	0.833256306171442
ENSG00000155329	ZCCHC10	221193_s_at	-0.3	0.884199708738466	-0.735505139021628
ENSG00000155380	SLC16A1	202236_s_at	-0.4	0.955138744359483	-0.382527604926496
ENSG00000155660	PDIA4	211048_s_at	-0.3	0.768983878405611	-1.16809289014914
ENSG00000155792	DEPTOR	218858_at	-0.1	0.929595214378619	-0.514334385161274
ENSG00000155850	SLC26A2	205097_at	-0.1	0.975056001186103	-0.197733912825134
ENSG00000155906	RMND1	220329_s_at	-0.4	0.670866666732897	-1.58235435125977
ENSG00000155926	SLA	203761_at	0.5	0.494247679424557	2.15458300803904
ENSG00000156006	NAT2	206797_at	0.1	0.955177891328436	0.359204980925402
ENSG00000156011	PSD3	203354_s_at	0.1	0.928429357681765	0.533753949847613
ENSG00000156234	CXCL13	205242_at	-0.2	0.955177891328436	-0.369323360276931
ENSG00000156284	CLDN8	214598_at	-0.7	0.747245647901268	-1.25963931659776
ENSG00000156298	TSPAN7	202242_at	-0.2	0.94731316832001	-0.403547136695898
ENSG00000156510	HKDC1	220585_at	-0.1	0.966559519375873	-0.229897266432489
ENSG00000156587	UBE2L6	201649_at	-0.1	0.982758451792146	-0.149518377441921
ENSG00000156697	UTP14A	221514_at	-0.3	0.866876448227165	-0.822344198295746
ENSG00000156738	MS4A1	210356_x_at	0.2	0.931828895086388	0.482216271476539
ENSG00000157005	SST	213921_at	-0.6	0.897197724372416	-0.648989251058412
ENSG00000157216	SSBP3	217991_x_at	0.5	0.307212419722701	2.87487610538848
ENSG00000157399	ARSL	205894_at	-0.4	0.761443463882645	-1.21532998317379
ENSG00000157514	TSC22D3	208763_s_at	-0.3	0.864397161008032	-0.843151056049008
ENSG00000157613	CREB3L1	213059_at	0.1	0.962931034928295	0.239975186447125
ENSG00000158042	MRPL17	222216_s_at	-0.2	0.841891364272779	-0.881154221219012
ENSG00000158092	NCK1	211063_s_at	0.3	0.825061796019603	0.974846819289186
ENSG00000158125	XDH	210301_at	0.2	0.955177891328436	0.332527135244022
ENSG00000158825	CDA	205627_at	0.7	0.440915046000215	2.40031872393295
ENSG00000158869	FCER1G	204232_at	0.2	0.897197724372416	0.654228552893993
ENSG00000159128	IFNGR2	201642_at	0.4	0.608194982880224	1.74612935554062
ENSG00000159184	HOXB13	209844_at	-0.2	0.98333520305247	-0.143630004097857
ENSG00000159200	RCAN1	208370_s_at	0.2	0.885751063550407	0.704083199485679
ENSG00000159228	CBR1	209213_at	-0.1	0.942010903599384	-0.431151073431826
ENSG00000159388	BTG2	201236_s_at	0.5	0.673399657339921	1.57531371711274
ENSG00000159399	HK2	202934_at	0.4	0.721058483977715	1.38265667018854
ENSG00000159921	GNE	205042_at	-0.2	0.955177891328436	-0.33249808711175
ENSG00000160014	CALM3	200623_s_at	0.6	0.288974643658864	2.99663411528435
ENSG00000160179	ABCG1	211113_s_at	0.2	0.884943479282817	0.727181335044871
ENSG00000160182	TFF1	205009_at	-0.2	0.955177891328436	-0.288763258746612
ENSG00000160191	PDE9A	205593_s_at	-0.4	0.819435646104799	-0.987788336227165
ENSG00000160285	LSS	202245_at	-0.1	0.982758451792146	-0.15047162767597
ENSG00000160712	IL6R	205945_at	-0.2	0.873604246486676	-0.80444505696262
ENSG00000160752	FDPS	201275_at	-0.6	0.747245647901268	-1.2651423059874
ENSG00000160789	LMNA	203411_s_at	-0.3	0.768986507563916	-1.16035733940366
ENSG00000160888	IER2	202081_at	0.3	0.864344119771379	0.84499898723958
ENSG00000161202	DVL3	201908_at	0.1	0.898464320252477	0.627334841755401
ENSG00000161267	BDH1	211715_s_at	-0.5	0.586295413690976	-1.84041274010972
ENSG00000161533	ACOX1	213501_at	-0.2	0.963207779936072	-0.238403970489887
ENSG00000161800	RACGAP1	222077_s_at	-0.3	0.841018756301028	-0.885373934691543
ENSG00000162174	ASRGL1	218857_s_at	0.3	0.880833709382977	0.749313295925643
ENSG00000162407	PLPP3	212230_at	0.2	0.914818383634034	0.575889622270839
ENSG00000162482	AKR7A3	206469_x_at	-0.1	0.962931034928295	-0.25124368809004
ENSG00000162520	SYNC	221276_s_at	-0.1	0.955177891328436	-0.282474814836394
ENSG00000162645	GBP2	202748_at	-0.1	0.982758451792146	-0.15465686256912
ENSG00000162670	BRINP3	217562_at	-0.4	0.700795814123598	-1.50760284581495
ENSG00000162772	ATF3	202672_s_at	1.2	0.586295413690976	1.83100603279388
ENSG00000162817	C1orf115	218546_at	0.3	0.897638729161118	0.642903740405522
ENSG00000162851	TFB2M	218605_at	-0.2	0.837193031636472	-0.930534442047724
ENSG00000162896	PIGR	204213_at	-0.6	0.753985800509132	-1.23893684802292
ENSG00000162998	FRZB	203697_at	-0.2	0.897197724372416	-0.645672242311616
ENSG00000163017	ACTG2	202274_at	-0.3	0.825061796019603	-0.969054826588553
ENSG00000163131	CTSS	202902_s_at	-0.5	0.573750378755161	-1.88400873051229
ENSG00000163191	S100A11	200660_at	-0.1	0.989106769765058	-0.0921451235500731
ENSG00000163468	CCT3	200910_at	-0.3	0.768036626617044	-1.17345124035184
ENSG00000163513	TGFBR2	208944_at	-0.5	0.313091766420104	-2.82748047017592
ENSG00000163545	NUAK2	220987_s_at	0.6	0.293179658482834	2.95328324244637
ENSG00000163558	PRKCI	209678_s_at	-0.6	0.121095252265397	-4.49168604415695
ENSG00000163565	IFI16	208966_x_at	-0.5	0.825061796019603	-0.96700018724194
ENSG00000163624	CDS1	205709_s_at	-0.1	0.955177891328436	-0.293196479366811
ENSG00000163734	CXCL3	207850_at	0.8	0.600267229723058	1.77065828523854
ENSG00000163739	CXCL1	204470_at	1.1	0.640681560907507	1.68501480825385
ENSG00000163743	RCHY1	212749_s_at	-0.3	0.741859032003228	-1.3264205477177
ENSG00000163751	CPA3	205624_at	-0.1	0.962931034928295	-0.239597371253634
ENSG00000163788	SNRK	209481_at	-0.3	0.79619566966022	-1.07212892451826
ENSG00000163874	ZC3H12A	218810_at	0.9	0.158249551677289	4.02056523746886
ENSG00000163902	RPN1	201011_at	-0.5	0.706699669032712	-1.46573530938311
ENSG00000163931	TKT	208699_x_at	-0.6	0.462350993857722	-2.30870873477514
ENSG00000163932	PRKCD	202545_at	0.4	0.596817476211717	1.80010997540557
ENSG00000163938	GNL3	217850_at	-0.3	0.873853063124535	-0.791502135662443
ENSG00000163993	S100P	204351_at	-0.1	0.989106769765058	-0.105093141346055
ENSG00000164045	CDC25A	204695_at	-0.1	0.955177891328436	-0.312470357413124
ENSG00000164093	PITX2	207558_s_at	-0.3	0.897197724372416	-0.651116103881766
ENSG00000164099	PRSS12	205515_at	0.3	0.840942785762406	0.900381485758075
ENSG00000164104	HMGB2	208808_s_at	-0.4	0.819435646104799	-0.992444249968453
ENSG00000164109	MAD2L1	203362_s_at	-0.2	0.931828895086388	-0.471009243263332
ENSG00000164111	ANXA5	200782_at	-0.5	0.706699669032712	-1.46711398641023
ENSG00000164120	HPGD	203914_x_at	-0.1	0.955177891328436	-0.350768331652772
ENSG00000164128	NPY1R	205440_s_at	-0.5	0.770649969732537	-1.14651891472554
ENSG00000164144	ARFIP1	218230_at	-0.4	0.701013425238156	-1.49301073584349
ENSG00000164163	ABCE1	201873_s_at	-0.3	0.772516145861628	-1.14330670052407
ENSG00000164209	SLC25A46	212833_at	-0.3	0.811325834257641	-1.02749625164872
ENSG00000164266	SPINK1	206239_s_at	-0.4	0.897197724372416	-0.647464325290998
ENSG00000164292	RHOBTB3	202975_s_at	-0.3	0.880074740147208	-0.753133833579899
ENSG00000164307	ERAP1	209788_s_at	-1.3	0.0489832151942978	-7.77892996054088
ENSG00000164308	ERAP2	219759_at	1.1	0.768036626617044	1.17248570342699
ENSG00000164342	TLR3	206271_at	-0.1	0.957103181817909	-0.269056302182843
ENSG00000164442	CITED2	209357_at	-0.2	0.884199708738466	-0.736493646433824
ENSG00000164574	GALNT10	212256_at	-0.2	0.880074740147208	-0.76478909986563
ENSG00000164647	STEAP1	205542_at	0.1	0.931828895086388	0.488829533149057
ENSG00000164749	HNF4G	207456_at	-0.4	0.781357256872092	-1.11230185369822
ENSG00000164754	RAD21	200607_s_at	-0.7	0.260372934155329	-3.20169409216718
ENSG00000164761	TNFRSF11B	204933_s_at	-0.7	0.288974643658864	-2.9917324020591
ENSG00000164816	DEFA5	207529_at	-0.1	0.978291840235042	-0.181534191402507
ENSG00000164825	DEFB1	210397_at	0.2	0.955177891328436	0.325718769649726
ENSG00000164830	OXR1	218197_s_at	-0.3	0.885751063550407	-0.708873876776186
ENSG00000164949	GEM	204472_at	0.3	0.78068069209251	1.11558360733359
ENSG00000164951	PDP1	218273_s_at	-0.5	0.747245647901268	-1.25551777868808
ENSG00000165029	ABCA1	203504_s_at	0.2	0.908688602809115	0.594597648367672
ENSG00000165092	ALDH1A1	212224_at	-0.9	0.482912584196741	-2.24468974968241
ENSG00000165175	MID1IP1	218251_at	0.3	0.865235871244552	0.837888230713771
ENSG00000165240	ATP7A	205197_s_at	-0.5	0.425169247558826	-2.46229581791076
ENSG00000165406	MARCHF8	221824_s_at	-0.2	0.885751063550407	-0.703466899018247
ENSG00000165475	CRYL1	220753_s_at	0.2	0.897913159834437	0.637666161139094
ENSG00000165506	DNAAF2	219166_at	-0.6	0.259112751774884	-3.24307278980549
ENSG00000165650	PDZD8	213549_at	-0.6	0.285689122060807	-3.01428292474664
ENSG00000165732	DDX21	208152_s_at	-0.1	0.978291840235042	-0.177970360470992
ENSG00000165806	CASP7	207181_s_at	-0.1	0.958877257651735	-0.263493211348473
ENSG00000165813	CCDC186	219844_at	-0.1	0.957368975632693	-0.266995669363781
ENSG00000165916	PSMC3	201267_s_at	-0.4	0.345513120937362	-2.68913501469524
ENSG00000165949	IFI27	202411_at	0.3	0.897980789999325	0.633793537019399
ENSG00000165959	CLMN	213839_at	-0.1	0.931828895086388	-0.50468011316605
ENSG00000165983	PTER	218967_s_at	-0.2	0.880074740147208	-0.759270159133431
ENSG00000165995	CACNB2	213714_at	-0.6	0.271483750185658	-3.10453968697959
ENSG00000166143	PPP1R14D	220082_at	0.3	0.687166300813522	1.53697719748178
ENSG00000166165	CKB	200884_at	0.2	0.885751063550407	0.715338231048113
ENSG00000166197	NOLC1	211951_at	-0.2	0.912387952676557	-0.581364377956818
ENSG00000166226	CCT2	201947_s_at	-0.2	0.898464320252477	-0.626271148170548
ENSG00000166233	ARIH1	201879_at	-0.4	0.576952535746809	-1.87746914119181
ENSG00000166260	COX11	211727_s_at	-0.2	0.87700455380714	-0.774533373014454
ENSG00000166278	C2	203052_at	0.3	0.811325834257641	1.03482062112226
ENSG00000166347	CYB5A	209366_x_at	-0.3	0.834109133421797	-0.943102348957207
ENSG00000166401	SERPINB8	206034_at	-0.4	0.767453753129482	-1.19673820576627
ENSG00000166471	TMEM41B	212623_at	-0.7	0.253799920067837	-3.28728653200812
ENSG00000166501	PRKCB	209685_s_at	-0.2	0.931828895086388	-0.487267507318549
ENSG00000166557	TMED3	208837_at	-0.2	0.898892907395922	-0.623845073494662
ENSG00000166575	TMEM135	222209_s_at	-0.4	0.768986507563916	-1.15625116555369
ENSG00000166595	CIAO2B	218074_at	-0.2	0.884199708738466	-0.738554457240759
ENSG00000166598	HSP90B1	200599_s_at	-0.2	0.904859569911559	-0.606910074571781
ENSG00000166741	NNMT	202237_at	0.1	0.931828895086388	0.463837642911217
ENSG00000166794	PPIB	200968_s_at	-0.9	0.271483750185658	-3.08734983131677
ENSG00000166821	PEX11A	205160_at	0.4	0.841018756301028	0.888880437026366
ENSG00000166825	ANPEP	202888_s_at	0.1	0.990477465146329	0.0613881288981033
ENSG00000166851	PLK1	202240_at	0.1	0.955177891328436	0.308979591356651
ENSG00000166869	CHP2	206149_at	-0.3	0.929595214378619	-0.523540670854792
ENSG00000166923	GREM1	218469_at	0.1	0.981748072971225	0.1641410570795
ENSG00000167004	PDIA3	208612_at	-0.5	0.437951848407534	-2.4127879289562
ENSG00000167085	PHB	200659_s_at	-0.2	0.76793637366698	-1.19214002928908
ENSG00000167088	SNRPD1	202690_s_at	-0.3	0.841018756301028	-0.889378705068968
ENSG00000167107	ACSF2	218844_at	0.1	0.956064506405634	0.274626963932383
ENSG00000167183	PRR15L	219127_at	0.3	0.746595650672933	1.28758420811147
ENSG00000167286	CD3D	213539_at	0.1	0.978291840235042	0.177455776736716
ENSG00000167325	RRM1	201477_s_at	0.1	0.931828895086388	0.476358143887466
ENSG00000167434	CA4	206209_s_at	0.8	0.648032110589027	1.63714746741088
ENSG00000167552	TUBA1A	209118_s_at	-0.4	0.55397994853766	-1.94748863542423
ENSG00000167695	TLCD3A	218898_at	-0.1	0.955177891328436	-0.330341877505907
ENSG00000167842	MIS12	221559_s_at	-0.2	0.897197724372416	-0.649781482010048
ENSG00000167977	KCTD5	218474_s_at	-0.3	0.834109133421797	-0.941677699107638
ENSG00000167996	FTH1	214211_at	-0.3	0.840942785762406	-0.917304079092007
ENSG00000168016	TRANK1	213261_at	0.5	0.634641262578797	1.69372160280852
ENSG00000168060	NAALADL1	207895_at	0.5	0.621552047529712	1.71429060646529
ENSG00000168061	SAC3D1	205449_at	0.4	0.656076746146097	1.61781931613251
ENSG00000168078	PBK	219148_at	-0.4	0.811325834257641	-1.03625240219856
ENSG00000168229	PTGDR	215894_at	-0.5	0.677698202672109	-1.56149810179963
ENSG00000168268	NT5DC2	218051_s_at	0.3	0.778922752754519	1.12294694524352
ENSG00000168280	KIF5C	203130_s_at	-0.7	0.549003510182585	-1.9561849006907
ENSG00000168282	MGAT2	203102_s_at	-0.5	0.569514538469209	-1.91280463332547
ENSG00000168306	ACOX2	205364_at	0.2	0.931828895086388	0.488645806400749
ENSG00000168310	IRF2	203275_at	0.4	0.677698202672109	1.56153119773025
ENSG00000168374	ARF4	201097_s_at	-0.3	0.885751063550407	-0.706973012526851
ENSG00000168393	DTYMK	203270_at	0.2	0.840942785762406	0.91022240407587
ENSG00000168394	TAP1	202307_s_at	-0.2	0.955177891328436	-0.313705336938961
ENSG00000168398	BDKRB2	205870_at	0.7	0.326319404098477	2.74988698515653
ENSG00000168405	CMAHP	205518_s_at	0.8	0.143484219522912	4.25431966878464
ENSG00000168439	STIP1	213330_s_at	-0.3	0.708206869726863	-1.44396389786836
ENSG00000168447	SCNN1B	205464_at	0.8	0.763560635968135	1.21044278393486
ENSG00000168461	RAB31	217762_s_at	0.6	0.539749622879182	2.00060985199744
ENSG00000168496	FEN1	204767_s_at	0.3	0.873604246486676	0.800590155346501
ENSG00000168542	COL3A1	201852_x_at	-0.4	0.569558306978145	-1.90169356123121
ENSG00000168615	ADAM9	202381_at	-0.6	0.685804042351114	-1.54574540354413
ENSG00000168653	NDUFS5	201757_at	-0.1	0.955177891328436	-0.32870329935074
ENSG00000168685	IL7R	205798_at	0.1	0.955177891328436	0.292089994090953
ENSG00000168734	PKIG	202732_at	0.1	0.962931034928295	0.248223850205962
ENSG00000168906	MAT2A	200768_s_at	-0.3	0.825061796019603	-0.962370701986557
ENSG00000168924	LETM1	222006_at	0.2	0.91618079302497	0.56693107114637
ENSG00000168955	TM4SF20	220639_at	-0.2	0.955177891328436	-0.318263529583934
ENSG00000169047	IRS1	204686_at	-0.2	0.955177891328436	-0.292925325453421
ENSG00000169116	PARM1	204687_at	0.3	0.841018756301028	0.886093553452054
ENSG00000169242	EFNA1	202023_at	0.4	0.898464320252477	0.625251042483795
ENSG00000169245	CXCL10	204533_at	0.2	0.919360149602259	0.558846217018985
ENSG00000169271	HSPB3	206375_s_at	0.2	0.955177891328436	0.355947214024354
ENSG00000169442	CD52	204661_at	-0.1	0.957103181817909	-0.269756895268771
ENSG00000169504	CLIC4	201560_at	-0.1	0.958877257651735	-0.261778923717467
ENSG00000169710	FASN	212218_s_at	0.8	0.714319855511455	1.40778744600191
ENSG00000169715	MT1E	212859_x_at	-0.6	0.269648659096785	-3.14220176524148
ENSG00000169908	TM4SF1	209386_at	-0.8	0.747245647901268	-1.26965987798475
ENSG00000169926	KLF13	219878_s_at	-0.2	0.76793637366698	-1.18026029410501
ENSG00000169967	MAP3K2	221695_s_at	-0.3	0.778922752754519	-1.12185134031071
ENSG00000170017	ALCAM	201952_at	0.1	0.98376012554396	0.124922881732668
ENSG00000170190	SLC16A5	206599_at	0.2	0.897980789999325	0.631572884100267
ENSG00000170291	ELP5	219260_s_at	-0.5	0.746800637448515	-1.27739549577764
ENSG00000170312	CDK1	210559_s_at	-0.3	0.865235871244552	-0.839577950903284
ENSG00000170345	FOS	209189_at	0.7	0.866876448227165	0.829916674392991
ENSG00000170382	LRRN2	205154_at	0.3	0.840942785762406	0.8987868241239
ENSG00000170385	SLC30A1	212907_at	-0.5	0.65495337374056	-1.62521436836406
ENSG00000170425	ADORA2B	205891_at	-0.2	0.931828895086388	-0.500327569584401
ENSG00000170458	CD14	201743_at	-0.5	0.739060512134883	-1.33523117033676
ENSG00000170522	ELOVL6	204256_at	0.3	0.908080500993723	0.596173354586234
ENSG00000170542	SERPINB9	209723_at	-0.2	0.865235871244552	-0.838724981076204
ENSG00000170745	KCNS3	205968_at	0.3	0.840942785762406	0.90469284306549
ENSG00000170899	GSTA4	202967_at	-0.3	0.840942785762406	-0.911163540582068
ENSG00000170962	PDGFD	219304_s_at	0.2	0.71293940703244	1.4125559866659
ENSG00000171174	RBKS	219222_at	0.1	0.966559519375873	0.229317525709044
ENSG00000171223	JUNB	201473_at	0.4	0.597936215972567	1.78446768924516
ENSG00000171298	GAA	202812_at	0.1	0.955177891328436	0.279987853567702
ENSG00000171503	ETFDH	33494_at	-0.2	0.939952140568664	-0.437967625280325
ENSG00000171522	PTGER4	204897_at	-0.7	0.188853518318314	-3.73710235449309
ENSG00000171606	ZNF274	204937_s_at	-0.4	0.586295413690976	-1.83487078781824
ENSG00000171793	CTPS1	202613_at	0.1	0.962931034928295	0.240688936029941
ENSG00000171992	SYNPO	202796_at	0.5	0.708206869726863	1.45565985601388
ENSG00000172183	ISG20	204698_at	0.1	0.989106769765058	0.109402283172694
ENSG00000172215	CXCR6	211469_s_at	0.3	0.797977956532516	1.06625324744758
ENSG00000172270	BSG	208677_s_at	0.1	0.982758451792146	0.150582258646764
ENSG00000172340	SUCLG2	212459_x_at	-0.4	0.647789002700281	-1.64949416439018
ENSG00000172367	PDZD3	220303_at	0.3	0.763633180767199	1.20893507501427
ENSG00000172375	C2CD2L	204757_s_at	0.7	0.104663510342021	5.08121993419836
ENSG00000172380	GNG12	212294_at	-0.3	0.880074740147208	-0.756756818921399
ENSG00000172410	INSL5	221091_at	0.5	0.955177891328436	0.342382493344907
ENSG00000172594	SMPDL3A	213624_at	-0.1	0.97240016289569	-0.20855695527029
ENSG00000172724	CCL19	210072_at	0.1	0.98333520305247	0.130445152059817
ENSG00000172828	CES3	220335_x_at	-0.2	0.888715684710336	-0.69564307380652
ENSG00000172845	SP3	213168_at	-0.2	0.897980789999325	-0.63474686837122
ENSG00000172893	DHCR7	201790_s_at	-0.5	0.755430825871223	-1.23282513957907
ENSG00000173083	HPSE	219403_s_at	0.6	0.597127486504198	1.78973974630184
ENSG00000173218	VANGL1	219330_at	-0.3	0.657801239585821	-1.61371964211217
ENSG00000173369	C1QB	202953_at	-0.2	0.951439071164334	-0.389150870538924
ENSG00000173372	C1QA	218232_at	-0.1	0.955177891328436	-0.337088334057895
ENSG00000173376	NDNF	219747_at	-0.2	0.885751063550407	-0.719309860219423
ENSG00000173597	SULT1B1	207601_at	-0.3	0.840942785762406	-0.918222278957185
ENSG00000173621	LRFN4	219491_at	0.1	0.972290833836652	0.217404565478927
ENSG00000173702	MUC13	218687_s_at	-0.2	0.929871136500329	-0.512855438293117
ENSG00000173848	NET1	201830_s_at	-0.5	0.673399657339921	-1.57377480992786
ENSG00000173905	GOLIM4	204324_s_at	0.2	0.931828895086388	0.45645036973401
ENSG00000174444	RPL4	211710_x_at	-0.7	0.293179658482834	-2.95909372544382
ENSG00000174607	UGT8	208358_s_at	-0.7	0.31507362975928	-2.80205557661149
ENSG00000174640	SLCO2A1	204368_at	0.7	0.219768674056846	3.52983876634292
ENSG00000174738	NR1D2	209750_at	-0.2	0.912387952676557	-0.581563105188063
ENSG00000174946	GPR171	207651_at	0.2	0.902754494129937	0.613167320165967
ENSG00000175063	UBE2C	202954_at	-0.2	0.931828895086388	-0.457229907301663
ENSG00000175265	GOLGA8A	208798_x_at	0.3	0.811325834257641	1.01591176602355
ENSG00000175274	TP53I11	214667_s_at	-0.3	0.768983878405611	-1.1644768151442
ENSG00000175356	SCUBE2	219197_s_at	0.1	0.946763960685181	0.40544996264258
ENSG00000175582	RAB6A	201048_x_at	-0.4	0.747245647901268	-1.27422324063177
ENSG00000175592	FOSL1	204420_at	-0.1	0.962931034928295	-0.240453268553571
ENSG00000175727	MLXIP	202519_at	-0.5	0.35379425525155	-2.64256402605726
ENSG00000176092	CRYBG2	220289_s_at	0.8	0.100156274105861	6.03577302856663
ENSG00000176153	GPX2	202831_at	-0.1	0.988187600585859	-0.113450044607257
ENSG00000176390	CRLF3	205474_at	-0.4	0.747245647901268	-1.25791564130194
ENSG00000176623	RMDN1	218549_s_at	-0.1	0.955177891328436	-0.314540067017213
ENSG00000176658	MYO1D	212338_at	-0.3	0.825061796019603	-0.966820275796767
ENSG00000176890	TYMS	202589_at	0.2	0.897197724372416	0.661458508033963
ENSG00000176907	TCIM	218541_s_at	0.4	0.866876448227165	0.828120210342874
ENSG00000177189	RPS6KA3	203843_at	-0.7	0.107191808569985	-4.85539392305047
ENSG00000177192	PUS1	218670_at	-0.2	0.884199708738466	-0.736497058937525
ENSG00000177311	ZBTB38	219221_at	-1.2	0.121095252265397	-4.57997719713746
ENSG00000177426	TGIF1	203313_s_at	-0.6	0.182906165556461	-3.79720214074751
ENSG00000177565	TBL1XR1	221428_s_at	-0.4	0.746611710351346	-1.28449094321872
ENSG00000177600	RPLP2	200909_s_at	-0.2	0.836622731891569	-0.936418652305176
ENSG00000177606	JUN	201464_x_at	0.5	0.701013425238156	1.49499828948513
ENSG00000177697	CD151	204306_s_at	0.3	0.747245647901268	1.27067933272247
ENSG00000177700	POLR2L	211730_s_at	-0.3	0.76793637366698	-1.18380227746205
ENSG00000178035	IMPDH2	201892_s_at	-0.4	0.668303892088662	-1.58695782916688
ENSG00000178075	GRAMD1C	219313_at	-0.2	0.866876448227165	-0.822042418384889
ENSG00000178462	TUBAL3	220310_at	0.3	0.873853063124535	0.788011031133975
ENSG00000178695	KCTD12	212188_at	-0.6	0.873604246486676	-0.800779087519149
ENSG00000178719	GRINA	212090_at	0.7	0.149588785780854	4.13022578889026
ENSG00000178802	MPI	202472_at	0.2	0.894309055464742	0.676441239176089
ENSG00000178980	SELENOW	201194_at	-0.2	0.919360149602259	-0.55012639575083
ENSG00000178999	AURKB	209464_at	0.1	0.975880069952578	0.192217323628044
ENSG00000179085	DPM3	219373_at	-0.3	0.768036626617044	-1.1739070845881
ENSG00000179115	FARSA	216602_s_at	-0.6	0.417573094229912	-2.50426509656852
ENSG00000179314	WSCD1	213155_at	0.1	0.955177891328436	0.339572910025953
ENSG00000179344	HLA-DQB1	211654_x_at	-0.2	0.929595214378619	-0.514868597782336
ENSG00000179456	ZBTB18	212774_at	-0.5	0.722821202311006	-1.37761649909406
ENSG00000179674	ARL14	220468_at	-0.3	0.931828895086388	-0.477502042187256
ENSG00000179918	SEPHS2	200961_at	-0.4	0.811325834257641	-1.00712384457133
ENSG00000180263	FGD6	219901_at	0.1	0.955177891328436	0.347914345919155
ENSG00000180398	MCFD2	212245_at	-0.2	0.894783625946331	-0.669562630467324
ENSG00000180644	PRF1	214617_at	0.2	0.929595214378619	0.523824504348345
ENSG00000180817	PPA1	217848_s_at	-0.3	0.825061796019603	-0.962147143327626
ENSG00000180879	SSR4	201004_at	-0.3	0.811325834257641	-1.00722330375327
ENSG00000181163	NPM1	221923_s_at	0.3	0.811325834257641	1.02027697082605
ENSG00000181588	MEX3D	91816_f_at	0.2	0.880074740147208	0.754136381463228
ENSG00000181649	PHLDA2	209803_s_at	-0.1	0.98333520305247	-0.137981020424316
ENSG00000181751	MACIR	221823_at	0.2	0.880074740147208	0.756740915423213
ENSG00000181915	ADO	212502_at	-0.5	0.271483750185658	-3.10953100533715
ENSG00000182054	IDH2	210046_s_at	-0.5	0.746800637448515	-1.28151013402002
ENSG00000182158	CREB3L2	212345_s_at	-0.1	0.98333520305247	-0.137576644883639
ENSG00000182165	TP53TG1	210886_x_at	-0.1	0.946763960685181	-0.405037671663981
ENSG00000182307	C8orf33	218187_s_at	-0.8	0.492016144554042	-2.18150927439842
ENSG00000182378	PLCXD1	218951_s_at	-1.1	0.608194982880224	-1.74229349553734
ENSG00000182580	EPHB3	1438_at	-0.2	0.902754494129937	-0.613994823505464
ENSG00000182795	C1orf116	219476_at	-0.2	0.894309055464742	-0.674747434127256
ENSG00000182866	LCK	204891_s_at	0.2	0.909160182721792	0.590596698174555
ENSG00000182899	RPL35A	213687_s_at	-0.4	0.568709706785212	-1.92330318931892
ENSG00000183044	ABAT	209460_at	-0.8	0.710343880545604	-1.42330557065655
ENSG00000183696	UPP1	203234_at	0.2	0.819435646104799	0.986595780497886
ENSG00000184164	CRELD2	218358_at	0.1	0.955177891328436	0.335426471920668
ENSG00000184203	PPP1R2	202166_s_at	-0.4	0.646607539638556	-1.65285598926642
ENSG00000184434	LRRC19	220376_at	0.3	0.894309055464742	0.679868559274242
ENSG00000184500	PROS1	207808_s_at	-0.8	0.76793637366698	-1.17907716042851
ENSG00000184545	DUSP8	206374_at	0.6	0.313091766420104	2.82130596125213
ENSG00000184669	OR7E14P	217551_at	0.4	0.777234105866319	1.13622246608323
ENSG00000184678	H2BC21	202708_s_at	0.4	0.675763018227253	1.56899880435717
ENSG00000184840	TMED9	205812_s_at	-0.2	0.870977357102104	-0.813650936113266
ENSG00000184897	H1-10	204805_s_at	0.2	0.919360149602259	0.550770925920564
ENSG00000185022	MAFF	205193_at	0.2	0.753985800509132	1.23842857418515
ENSG00000185127	C6orf120	221786_at	-0.5	0.544430089446985	-1.97722229671562
ENSG00000185201	IFITM2	201315_x_at	-0.1	0.955177891328436	-0.361015077963933
ENSG00000185222	TCEAL9	217975_at	-0.4	0.819435646104799	-0.987895187166558
ENSG00000185303	SFTPA2	218835_at	-0.3	0.840942785762406	-0.92067937245647
ENSG00000185305	ARL15	219842_at	-0.1	0.955177891328436	-0.318912811336096
ENSG00000185404	SP140L	214791_at	0.6	0.235607727910742	3.40319930588665
ENSG00000185432	METTL7A	207761_s_at	-0.5	0.743998247512026	-1.29779637243559
ENSG00000185499	MUC1	207847_s_at	0.3	0.893737362110832	0.686045282939794
ENSG00000185627	PSMD13	201232_s_at	-0.2	0.75633481495961	-1.23033840048184
ENSG00000185630	PBX1	212151_at	-0.3	0.847412205424024	-0.87256232077906
ENSG00000185885	IFITM1	201601_x_at	-0.1	0.974706931822781	-0.200620706304622
ENSG00000185950	IRS2	209185_s_at	0.3	0.885751063550407	0.718229188014412
ENSG00000186106	ANKRD46	212731_at	-0.5	0.655803094962172	-1.62225680002642
ENSG00000186204	CYP4F12	206539_s_at	0.1	0.963737909129412	0.236922933704887
ENSG00000186298	PPP1CC	200726_at	-0.3	0.778922752754519	-1.12873594692497
ENSG00000186470	BTN3A2	209846_s_at	-0.5	0.825061796019603	-0.968205381006764
ENSG00000186480	INSIG1	201627_s_at	-0.9	0.708206869726863	-1.44515691603547
ENSG00000186529	CYP4F3	206515_at	0.5	0.494247679424557	2.16687380499572
ENSG00000187091	PLCD1	205125_at	0.1	0.946763960685181	0.411304533890588
ENSG00000187097	ENTPD5	205757_at	0.2	0.91618079302497	0.570544038388526
ENSG00000187193	MT1X	208581_x_at	-0.7	0.285689122060807	-3.01733570892819
ENSG00000187242	KRT12	207811_at	0.7	0.35379425525155	2.65686280584587
ENSG00000187608	ISG15	205483_s_at	0.2	0.931828895086388	0.498407415692254
ENSG00000187837	H1-2	209398_at	0.3	0.840942785762406	0.919551395548183
ENSG00000188257	PLA2G2A	203649_s_at	-0.4	0.955177891328436	-0.349345894719363
ENSG00000188313	PLSCR1	202446_s_at	-0.2	0.840942785762406	-0.900060423222399
ENSG00000188486	H2AX	205436_s_at	-0.1	0.955177891328436	-0.33484707315231
ENSG00000188554	NBR1	201384_s_at	-0.2	0.894783625946331	-0.668763109382782
ENSG00000188641	DPYD	204646_at	-0.2	0.897197724372416	-0.64686439382076
ENSG00000188786	MTF1	205323_s_at	0.9	0.0489832151942978	7.67598306955114
ENSG00000188910	GJB3	205490_x_at	-0.4	0.885751063550407	-0.707026239684152
ENSG00000196116	TDRD7	213361_at	0.2	0.87700455380714	0.772244347164914
ENSG00000196139	AKR1C3	209160_at	-0.3	0.884199708738466	-0.730963598509258
ENSG00000196154	S100A4	203186_s_at	-0.5	0.448774702691515	-2.3522522059083
ENSG00000196188	CTSE	205927_s_at	0.1	0.955177891328436	0.303724310590884
ENSG00000196305	IARS1	204744_s_at	-0.2	0.811325834257641	-1.02322053105288
ENSG00000196352	CD55	201926_s_at	-0.7	0.511074241115113	-2.06259178607382
ENSG00000196365	LONP1	209017_s_at	-0.4	0.586295413690976	-1.83740685208685
ENSG00000196371	FUT4	209892_at	-0.5	0.584513311625415	-1.8558859243459
ENSG00000196372	ASB13	218862_at	0.2	0.897197724372416	0.654814653603831
ENSG00000196405	EVL	217838_s_at	0.2	0.885751063550407	0.716164987197879
ENSG00000196428	TSC22D2	204094_s_at	-0.6	0.436143700427813	-2.42376508649021
ENSG00000196459	TRAPPC2	219351_at	-0.2	0.873853063124535	-0.792184161739222
ENSG00000196517	SLC6A9	207043_s_at	0.2	0.908080500993723	0.597762579887793
ENSG00000196586	MYO6	203215_s_at	-0.4	0.746595650672933	-1.29255727048773
ENSG00000196616	ADH1B	209612_s_at	-0.4	0.708206869726863	-1.44893251527192
ENSG00000196620	UGT2B15	207392_x_at	-0.7	0.811325834257641	-1.00794303252794
ENSG00000196639	HRH1	205579_at	-0.3	0.840942785762406	-0.899102354450273
ENSG00000196660	SLC30A10	220435_at	0.4	0.769366562274338	1.15278894865234
ENSG00000196735	HLA-DQA1	213831_at	-0.1	0.978291840235042	-0.183478802676623
ENSG00000196756	SNHG17	65588_at	0.3	0.788855308847788	1.08876309269169
ENSG00000196776	CD47	211075_s_at	-0.5	0.504229488217717	-2.082017462517
ENSG00000196937	FAM3C	201889_at	-1.0	0.739060512134883	-1.33418608805319
ENSG00000197147	LRRC8B	212978_at	-0.4	0.778662368610592	-1.13217849721347
ENSG00000197170	PSMD12	202352_s_at	-0.3	0.811325834257641	-1.0256937771653
ENSG00000197208	SLC22A4	205896_at	-0.2	0.946763960685181	-0.409025410136678
ENSG00000197273	GUCA2A	207003_at	0.2	0.931828895086388	0.475073287563802
ENSG00000197279	ZNF165	206683_at	-0.7	0.715808151830659	-1.39574808952706
ENSG00000197375	SLC22A5	205074_at	0.4	0.768036626617044	1.1722855078518
ENSG00000197408	CYP2B6	206755_at	0.4	0.884199708738466	0.732142019799278
ENSG00000197442	MAP3K5	203836_s_at	-0.1	0.955177891328436	-0.340286240183241
ENSG00000197461	PDGFA	205463_s_at	0.5	0.440915046000215	2.39430004010158
ENSG00000197496	SLC2A10	221024_s_at	-0.8	0.687166300813522	-1.53758411704461
ENSG00000197594	ENPP1	205066_s_at	0.3	0.903326180263533	0.611623599301503
ENSG00000197766	CFD	205382_s_at	-0.5	0.640681560907507	-1.67173329759192
ENSG00000197888	UGT2B17	207245_at	-1.5	0.785346114010985	-1.10325958634442
ENSG00000198053	SIRPA	202897_at	0.3	0.811325834257641	1.0313780365449
ENSG00000198074	AKR1B10	206561_s_at	0.4	0.741859032003228	1.31657502402128
ENSG00000198087	CD2AP	203593_at	-0.1	0.955177891328436	-0.355264767994541
ENSG00000198125	MB	204179_at	0.2	0.909160182721792	0.591488148381806
ENSG00000198189	HSD17B11	217989_at	-0.2	0.897197724372416	-0.644330200300006
ENSG00000198203	SULT1C2	211470_s_at	0.3	0.723167149955544	1.36969754155209
ENSG00000198369	SPRED2	212458_at	-0.3	0.76793637366698	-1.17987417032299
ENSG00000198417	MT1F	217165_x_at	-1.0	0.292479951217099	-2.9745505667792
ENSG00000198467	TPM2	204083_s_at	0.1	0.974706931822781	0.202161018517927
ENSG00000198515	CNGA1	206417_at	0.2	0.931828895086388	0.474255296335397
ENSG00000198692	EIF1AY	204410_at	0.3	0.549003510182585	1.96462443142482
ENSG00000198721	ECI2	218025_s_at	-0.7	0.494247679424557	-2.1319045196981
ENSG00000198752	CDC42BPB	217849_s_at	0.5	0.494577266167577	2.12709423558544
ENSG00000198788	MUC2	204673_at	-0.1	0.955177891328436	-0.379544795032256
ENSG00000198805	PNP	201695_s_at	-0.2	0.931828895086388	-0.470887542256678
ENSG00000198900	TOP1	208900_s_at	-0.9	0.123702567162902	-4.44638518547136
ENSG00000198931	APRT	213892_s_at	-0.3	0.755430825871223	-1.23265815699092
ENSG00000198961	PJA2	201133_s_at	-0.4	0.675763018227253	-1.56740962420107
ENSG00000203859	HSD3B2	206294_at	-0.2	0.957368975632693	-0.267594495616978
ENSG00000203880	PCMTD2	212406_s_at	-0.7	0.482912584196741	-2.22254674310586
ENSG00000204257	HLA-DMA	217478_s_at	-0.1	0.989106769765058	-0.0963816829929199
ENSG00000204264	PSMB8	209040_s_at	-0.3	0.873853063124535	-0.788148616864645
ENSG00000204267	TAP2	204769_s_at	0.4	0.840942785762406	0.899736110439568
ENSG00000204287	HLA-DRA	208894_at	-0.4	0.955177891328436	-0.36102489362685
ENSG00000204386	NEU1	208926_at	0.1	0.962931034928295	0.246691141246224
ENSG00000204388	HSPA1B	202581_at	0.2	0.864344119771379	0.84462437094138
ENSG00000204592	HLA-E	200905_x_at	-0.2	0.900006304611673	-0.621767168358706
ENSG00000204610	TRIM15	36742_at	0.2	0.836622731891569	0.932243956063645
ENSG00000204616	TRIM31	215444_s_at	1.1	0.35379425525155	2.64373727395394
ENSG00000204622	HLA-J	217436_x_at	-0.1	0.942531616563732	-0.42415208781164
ENSG00000204632	HLA-G	211528_x_at	-0.1	0.931828895086388	-0.507367773334915
ENSG00000204642	HLA-F	221875_x_at	-0.4	0.792229405673288	-1.0811106324583
ENSG00000204936	CD177	219669_at	0.5	0.76793637366698	1.18069105371424
ENSG00000205302	SNX2	202113_s_at	-0.8	0.325479075163598	-2.75729959520948
ENSG00000205358	MT1H	206461_x_at	-0.5	0.586295413690976	-1.84244239530516
ENSG00000205364	MT1M	217546_at	-1.2	0.569558306978145	-1.89386178394032
ENSG00000205413	SAMD9	219691_at	0.1	0.962931034928295	0.242499437662515
ENSG00000206337	HCP5	206082_at	-0.1	0.955177891328436	-0.27914548140568
ENSG00000211445	GPX3	201348_at	0.1	0.950783570496287	0.394562162905927
ENSG00000211456	SACM1L	202797_at	-0.3	0.758403203998177	-1.22400582178784
ENSG00000211592	IGKC	221671_x_at	-1.5	0.148049579681072	-4.16359680588757
ENSG00000211598	IGKV4-1	214777_at	-0.6	0.425169247558826	-2.45880206992555
ENSG00000211751	TRBC1	213193_x_at	0.1	0.982758451792146	0.148966807494557
ENSG00000211899	IGHM	209374_s_at	-0.6	0.718983339538901	-1.38633666359207
ENSG00000211938	IGHV3-7	217281_x_at	-0.7	0.259112751774884	-3.2538051108554
ENSG00000213047	DENND1B	219696_at	-0.1	0.968760780658162	-0.224361233581205
ENSG00000213281	NRAS	202647_s_at	-0.2	0.873853063124535	-0.789899925802062
ENSG00000213341	CHUK	209666_s_at	-0.2	0.872436874870063	-0.810082536184011
ENSG00000213463	SYNJ2BP	219156_at	-0.4	0.706699669032712	-1.46841559221436
ENSG00000213639	PPP1CB	201409_s_at	-0.1	0.955177891328436	-0.285846704439228
ENSG00000213722	DDAH2	215537_x_at	0.2	0.955177891328436	0.308015647104606
ENSG00000213853	EMP2	204975_at	-0.6	0.448373430475329	-2.37035566702478
ENSG00000214274	ANG	205141_at	-0.6	0.506719561621972	-2.07318035045446
ENSG00000214413	BBIP1	213224_s_at	-0.2	0.884199708738466	-0.730726261539709
ENSG00000214717	ZBED1	203043_at	-0.1	0.955177891328436	-0.293667578428845
ENSG00000214753	HNRNPUL2	222264_at	-0.6	0.231887240944452	-3.42568952482046
ENSG00000215182	MUC5AC	217187_at	0.7	0.104663510342021	5.67955175023866
ENSG00000215193	PEX26	219180_s_at	0.5	0.715808151830659	1.3990530240694
ENSG00000215788	TNFRSF25	211282_x_at	0.4	0.723167149955544	1.36899205137619
ENSG00000215908	CROCCP2	211038_s_at	-0.1	0.955177891328436	-0.282361695720918
ENSG00000221823	PPP3R1	204506_at	-0.2	0.897197724372416	-0.653226200254846
ENSG00000221869	CEBPD	203973_s_at	0.3	0.706699669032712	1.46470643785101
ENSG00000221963	APOL6	219716_at	0.5	0.708206869726863	1.44664632834356
ENSG00000223865	HLA-DPB1	201137_s_at	-0.2	0.931828895086388	-0.495392466145488
ENSG00000224505	ENSG00000224505	214188_at	0.2	0.884199708738466	0.742303121957543
ENSG00000226479	TMEM185B	219253_at	-0.4	0.715808151830659	-1.39819679663854
ENSG00000227500	SCAMP4	213244_at	0.6	0.489467580055199	2.19411161093514
ENSG00000229391	HLA-DRB6	217362_x_at	-0.1	0.955177891328436	-0.322408965201019
ENSG00000231292	IGKV1OR2-108	217378_x_at	-0.9	0.294991375936114	-2.93525474355795
ENSG00000231389	HLA-DPA1	211990_at	-1.0	0.737493804088441	-1.34053458678477
ENSG00000237632	S100A11P1	208540_x_at	0.2	0.955177891328436	0.354832296059308
ENSG00000239951	IGKV3-20	211644_x_at	-1.3	0.117386727708791	-4.68195082084752
ENSG00000240065	PSMB9	204279_at	0.1	0.98333520305247	0.142774433515553
ENSG00000240583	AQP1	209047_at	-0.5	0.504229488217717	-2.08597570844957
ENSG00000242247	ARFGAP3	202211_at	-0.5	0.788855308847788	-1.08972580248159
ENSG00000244038	DDOST	208675_s_at	-0.6	0.121095252265397	-4.57249607188447
ENSG00000244462	RBM12	212168_at	-0.4	0.648032110589027	-1.64603818227124
ENSG00000244734	HBB	217232_x_at	0.5	0.885751063550407	0.724429446118482
ENSG00000248144	ADH1C	206262_at	-0.9	0.577296816221539	-1.87445042047393
ENSG00000249948	GBA3	219954_s_at	-0.1	0.98333520305247	-0.136124974291428
ENSG00000254685	FPGT	205140_at	-0.1	0.957103181817909	-0.270094199892255
ENSG00000262406	MMP12	204580_at	-0.4	0.931828895086388	-0.498573546474357
ENSG00000262655	SPON1	209436_at	-0.5	0.769366562274338	-1.15044879665531
ENSG00000266200	PNLIPRP2	211766_s_at	-1.8	0.166587914177584	-3.91491960560888
ENSG00000266714	MYO15B	59375_at	0.8	0.244318698760123	3.3454748963901
ENSG00000268104	SLC6A14	219795_at	-0.5	0.931828895086388	-0.488874035829789
ENSG00000271503	CCL5	204655_at	-0.1	0.982758451792146	-0.151031889634865
ENSG00000274736	CCL23	210549_s_at	0.2	0.850578249285075	0.867329595108521
ENSG00000275302	CCL4	204103_at	0.5	0.656076746146097	1.61816246849002
ENSG00000275713	H2BC9	208546_x_at	-0.4	0.608194982880224	-1.74985931550091
ENSG00000278535	DHRS11	218756_s_at	0.2	0.931828895086388	0.508574667183286
ENSG00000278828	H3C10	206110_at	0.1	0.894783625946331	0.669324701074516
